"ID","Player","Team","Position","Rookie","RkOv","Status","Opponent","FPts","FP/G","FG-","3PTM","FT-","PTS","REB","AST","ST","BLK","TO","3D","2D"
"*03e75*","Nikola Jokic","DEN","C","","1","FA","","1998.36","28.55","7.8","1.1","1.0","27.1","12.9","9.1","1.3","0.9","3.1","0.0","0"
"*04kj6*","Luka Doncic","LAL","PG,SG,G","","2","FA","","1988.7","28.41","11.8","3.9","1.8","32.7","9.3","9.8","1.4","0.5","4.0","0.0","0"
"*031m2*","Giannis Antetokounmpo","MIA","PF,F,C","","3","FA","","1855.98","26.51","7.2","0.5","3.6","29.9","11.7","6.5","1.2","1.1","3.4","0.0","0"
"*04qro*","Shai Gilgeous-Alexander","OKC","PG,G","","4","FA","@SA Tue 6:30PM","1615.95","23.09","9.1","1.3","1.1","29.1","5.5","6.0","2.1","0.8","2.2","0.0","0"
"*05uie*","Scottie Barnes","TOR","SF,PF,F,C","","5","FA","","1509.68","18.87","7.7","1.4","0.8","18.4","7.8","5.8","1.2","1.4","2.6","0.0","0"
"*06cch*","Victor Wembanyama","SA","C","","6","FA","OKC Tue 6:30PM","1489.02","22.91","8.8","1.9","1.1","21.8","10.9","4.3","1.3","3.7","3.8","0.0","0"
"*02nf1*","Anthony Davis","WAS","PF,F,C","","7","FA","","1476.35","22.71","6.9","0.4","1.1","22.5","12.0","3.1","1.1","2.2","1.9","0.0","0"
"*03xmv*","Jayson Tatum","BOS","SF,PF,F","","8","FA","@DET Tue 12:00PM","1469.79","21","10.0","3.0","1.0","26.1","8.0","4.8","1.0","0.6","2.5","0.0","0"
"*042n7*","Domantas Sabonis","SAC","PF,F,C","","9","FA","","1455.16","20.79","4.6","0.3","1.2","16.5","12.1","7.1","0.8","0.5","2.8","0.0","0"
"*05qug*","Anthony Edwards","MIN","SG,G,SF,F","","10","FA","","1421.25","18.95","10.7","2.4","1.0","25.5","5.5","5.2","1.3","0.6","3.0","0.0","0"
"*06ca8*","Amen Thompson","HOU","PG,SG,G,SF,PF,F","","11","FA","","1416.53","18.89","5.5","0.4","1.2","15.6","10.7","4.0","2.1","1.0","2.3","0.0","0"
"*03nwm*","Devin Booker","PHO","PG,SG,G,SF,F","","12","FA","","1413.37","20.19","9.5","2.2","0.7","26.5","4.6","7.0","0.9","0.4","2.6","0.0","0"
"*04qrk*","Trae Young","WAS","PG,G","","13","FA","","1391.88","19.88","10.3","3.2","1.0","24.6","2.6","10.4","1.4","0.2","4.2","0.0","0"
"*04ewf*","Bam Adebayo","MIA","PF,F,C","","14","FA","","1391.62","18.55","6.5","0.2","1.3","18.2","10.4","3.8","1.1","0.9","2.2","0.0","0"
"*001aw*","Kevin Durant","HOU","SG,G,SF,PF,F","","15","FA","","1389.99","19.86","8.7","2.2","0.8","25.7","6.5","4.7","0.9","1.2","3.2","0.0","0"
"*05uiq*","Alperen Sengun","HOU","PF,F,C","","16","FA","","1389.29","19.85","7.2","0.5","1.8","21.1","9.5","5.0","1.2","0.7","2.7","0.0","0"
"*03ajv*","Julius Randle","BKN","PF,F","","17","FA","","1373.85","18.32","9.0","1.7","1.3","22.6","8.8","4.7","0.6","0.3","3.3","0.0","0"
"*04qsa*","Jalen Brunson","NY","PG,G","","18","FA","PHI Tue 4:00PM","1372.91","19.61","10.9","2.5","0.9","27.7","3.5","6.7","0.9","0.2","2.4","0.0","0"
"*042n4*","Jamal Murray","DEN","PG,SG,G","","19","FA","","1361.1","18.15","8.9","2.3","0.5","21.0","4.3","7.1","1.0","0.6","2.2","0.0","0"
"*06210*","Paolo Banchero","ORL","PF,F","","20","FA","","1356.83","18.09","9.3","1.5","1.8","22.4","6.8","5.4","1.0","0.6","3.1","0.0","0"
"*02xg9*","Rudy Gobert","MIN","C","","21","FA","","1339.65","17.86","2.8","0.0","1.8","13.7","12.8","1.4","0.7","2.1","1.6","0.0","0"
"*04ewe*","Donovan Mitchell","CLE","PG,SG,G","","22","FA","","1320.97","18.87","9.7","3.1","0.7","23.7","4.7","5.6","1.6","0.6","2.7","0.0","0"
"*05uid*","Evan Mobley","CLE","PF,F,C","","23","FA","","1301.37","18.59","5.0","0.6","1.2","17.1","9.7","3.9","0.9","1.6","1.9","0.0","0"
"*03ad3*","Karl-Anthony Towns","NY","PF,F,C","","24","FA","PHI Tue 4:00PM","1292.32","17.23","7.5","2.2","0.6","21.3","8.2","2.9","0.7","0.6","2.8","0.0","0"
"*05qt3*","Desmond Bane","ORL","SG,G,SF,F","","25","FA","","1268.17","16.91","9.4","3.1","0.4","21.9","4.1","5.5","1.0","0.5","2.6","0.0","0"
"*01eo6*","James Harden","CLE","PG,SG,G","","26","FA","","1263.64","18.05","6.6","2.5","0.5","16.1","5.2","8.7","1.0","0.8","2.5","0.0","0"
"*042nm*","Pascal Siakam","IND","SF,PF,F,C","","27","FA","","1240.47","17.72","7.3","1.1","1.3","21.4","7.3","4.1","0.8","0.3","1.7","0.0","0"
"*05uib*","Cade Cunningham","DET","PG,SG,G","","28","FA","BOS Tue 12:00PM","1237.67","17.68","10.2","1.9","0.6","22.4","4.4","7.5","0.9","0.4","3.4","0.0","0"
"*05uiu*","Jalen Johnson","ATL","SF,PF,F","","29","FA","","1235.43","17.65","6.7","1.3","0.8","16.6","9.0","4.0","1.3","0.9","1.9","0.0","0"
"*04ewt*","Derrick White","BOS","PG,SG,G","","30","FA","@DET Tue 12:00PM","1227.67","16.37","6.6","2.8","0.2","15.9","4.5","5.8","1.0","1.2","1.6","0.0","0"
"*05uig*","Josh Giddey","CHI","PG,SG,G","","31","FA","","1221.15","17.45","6.9","1.4","0.4","15.8","8.2","6.4","0.8","0.7","2.6","0.0","0"
"*042n1*","Brandon Ingram","LAC","SG,G,SF,PF,F","","32","FA","","1209.53","17.28","8.3","1.4","1.0","21.0","5.3","6.0","0.8","0.7","2.6","0.0","0"
"*04azw*","Lauri Markkanen","UTA","SF,PF,F","","33","FA","","1205.16","18.54","8.6","3.2","0.5","23.3","8.1","2.0","0.9","0.5","1.4","0.0","0"
"*05qsq*","Tyrese Maxey","PHI","PG,SG,G","","34","FA","@NY Tue 4:00PM","1201.06","17.16","8.8","2.3","0.6","21.1","3.6","6.1","1.0","0.5","1.6","0.0","0"
"*049kb*","De'Aaron Fox","SA","PG,SG,G","","35","FA","OKC Tue 6:30PM","1189.72","17","9.6","2.4","1.2","22.3","4.0","4.8","1.7","0.3","2.2","0.0","0"
"*031lx*","CJ McCollum","ATL","PG,SG,G","","36","FA","","1188.08","15.84","8.6","3.3","0.3","19.2","4.3","4.5","0.9","0.6","1.6","0.0","0"
"*05qto*","LaMelo Ball","MIN","PG,G","","37","FA","","1180.34","18.16","9.8","2.8","0.6","21.3","4.8","7.4","1.7","0.2","3.5","0.0","0"
"*06211*","Chet Holmgren","OKC","PF,F,C","","38","FA","@SA Tue 6:30PM","1173.2","16.76","5.6","1.6","0.7","16.3","8.0","2.3","0.7","2.4","1.7","0.0","0"
"*05qtv*","Tyrese Haliburton","IND","PG,SG,G","","39","FA","","1159.62","19.33","7.7","2.6","0.4","18.3","3.8","10.0","1.1","0.7","2.1","0.0","0"
"*04qrn*","Mikal Bridges","NY","SG,G,SF,PF,F","","40","FA","PHI Tue 4:00PM","1141.04","14.26","8.6","2.8","0.7","18.7","4.3","3.6","0.9","0.4","2.0","0.0","0"
"*06v5h*","Derik Queen","NO","PF,F,C","","41","FA","","1140.4","14.26","3.8","0.5","0.8","12.5","8.5","2.1","0.9","1.3","1.5","0.0","0"
"*05qu9*","Immanuel Quickley","TOR","PG,SG,G","","42","FA","","1138.9","16.27","8.2","2.8","0.6","18.6","4.4","6.1","0.8","0.2","1.6","0.0","0"
"*05uj3*","Day'Ron Sharpe","BKN","C","","43","FA","","1126.86","16.1","3.7","0.2","1.4","12.4","11.6","2.5","0.8","1.3","2.1","0.0","0"
"*0011e*","LeBron James","PHI","SF,PF,F","","44","FA","@NY Tue 4:00PM","1120.8","18.68","6.2","1.6","1.3","20.0","7.0","6.5","1.1","0.6","3.2","0.0","0"
"*05qtj*","Deni Avdija","POR","SG,G,SF,PF,F","","45","FA","","1120.28","16","5.8","1.3","1.1","16.4","8.1","4.0","0.9","0.6","2.4","0.0","0"
"*01enh*","Stephen Curry","GS","PG,G","","46","FA","","1100.46","18.34","10.7","4.7","0.3","25.7","4.4","5.1","0.7","0.4","2.8","0.0","0"
"*027oz*","Kawhi Leonard","TOR","SF,PF,F","","47","FA","","1095.3","18.25","7.8","1.9","0.4","22.5","5.9","3.4","1.6","0.8","1.6","0.0","0"
"*051oi*","Ja Morant","POR","PG,G","","48","FA","","1092.3","18.2","8.6","1.7","1.1","21.5","5.1","7.4","0.7","0.5","2.8","0.0","0"
"*03al2*","Joel Embiid","PHI","C","","49","FA","@NY Tue 4:00PM","1088.15","21.76","7.0","0.9","1.1","25.3","9.3","4.7","1.0","1.4","3.3","0.0","0"
"*0621b*","Jalen Williams","OKC","SG,G,SF,PF,F","","50","FA","@SA Tue 6:30PM","1085.63","15.51","6.6","1.5","0.6","19.1","3.9","4.6","1.1","0.6","1.7","0.0","0"
"*05ujd*","Neemias Queta","BOS","C","","51","FA","@DET Tue 12:00PM","1084.8","14.46","2.9","0.1","0.7","11.1","9.4","1.7","0.9","1.3","0.9","0.0","0"
"*04qrj*","Jaren Jackson","UTA","PF,F,C","","52","FA","","1084.78","16.69","9.9","1.8","1.2","22.5","5.5","2.5","1.2","1.6","2.4","0.0","0"
"*05uic*","Jalen Green","PHO","PG,SG,G","","53","FA","","1083.39","15.48","9.7","2.6","0.8","20.9","5.3","3.9","0.8","0.4","2.5","0.0","0"
"*042nq*","Dejounte Murray","NO","PG,SG,G","","54","FA","","1081.4","16.64","8.9","2.3","0.6","19.5","4.6","6.2","1.2","0.3","2.2","0.0","0"
"*0621c*","Jalen Duren","DET","C","","55","FA","BOS Tue 12:00PM","1073.31","15.33","3.4","0.0","0.6","13.1","11.2","2.2","0.5","0.8","2.0","0.0","0"
"*0621l*","Walker Kessler","LAL","C","","56","FA","","1072.47","15.32","2.4","0.1","0.8","10.6","9.7","1.3","0.6","3.1","1.3","0.0","0"
"*051pb*","Nicolas Claxton","CHI","C","","57","FA","","1066.38","15.23","3.0","0.0","1.2","11.5","9.7","2.0","0.6","2.0","1.2","0.0","0"
"*06212*","Jabari Smith","HOU","SF,PF,F,C","","58","FA","","1064.78","14.2","6.3","1.9","0.5","14.5","8.3","1.6","0.7","0.8","1.3","0.0","0"
"*05qt1*","Payton Pritchard","BOS","PG,G","","59","FA","@DET Tue 12:00PM","1063.72","14.18","6.2","2.6","0.3","14.5","4.7","5.1","0.7","0.1","1.1","0.0","0"
"*05qtt*","Onyeka Okongwu","ATL","PF,F,C","","60","FA","","1060.95","14.15","3.2","0.5","0.6","12.7","8.3","1.6","0.6","1.4","1.0","0.0","0"
"*0527h*","Naz Reid","CHA","PF,F,C","","61","FA","","1057.57","14.1","6.5","2.5","0.6","16.1","6.4","1.7","0.9","1.1","1.6","0.0","0"
"*076vc*","Cameron Boozer","MEM","PF,F","R","62","FA","","1054.55","15.06","6.7","1.7","0.9","17.3","6.8","2.4","0.9","0.8","1.5","0.0","0"
"*05uus*","Austin Reaves","LAL","PG,SG,G,SF,F","","63","FA","","1054.41","15.06","6.3","2.0","0.5","16.3","4.7","6.0","0.8","0.3","2.3","0.0","0"
"*05qtr*","Devin Vassell","SA","SG,G,SF,F","","64","FA","OKC Tue 6:30PM","1053.78","15.05","8.1","2.4","0.6","19.2","3.9","4.2","1.1","0.4","1.6","0.0","0"
"*06v5l*","Cooper Flagg","DAL","PG,SG,G,SF,F","","65","FA","","1045.52","14.94","5.9","1.5","0.7","15.2","7.3","2.8","1.0","1.0","1.7","0.0","0"
"*06227*","Ryan Rollins","MIL","PG,SG,G","","66","FA","","1044.96","14.93","5.3","1.1","0.9","14.4","5.0","4.4","2.9","1.1","3.6","0.0","0"
"*03lls*","Jaylen Brown","PHI","SG,G,SF,F","","67","FA","@NY Tue 4:00PM","1044.47","14.92","7.0","1.7","1.3","18.6","5.4","3.4","1.2","0.6","2.3","0.0","0"
"*051oh*","Zion Williamson","NO","SF,PF,F","","68","FA","","1041.96","17.37","6.4","0.1","2.0","22.3","5.8","4.8","0.9","0.7","2.7","0.0","0"
"*06mk7*","Kel'el Ware","MIL","PF,F,C","","69","FA","","1040.25","13.87","3.8","0.5","0.8","12.5","8.4","2.0","0.8","1.2","1.6","0.0","0"
"*04ewm*","Jarrett Allen","CLE","C","","70","FA","","1039.43","14.85","3.5","0.0","0.9","14.0","8.8","2.3","0.6","0.9","1.4","0.0","0"
"*03ad2*","Myles Turner","MIL","C","","71","FA","","1036.84","14.81","5.7","1.5","0.9","16.6","6.9","1.3","0.5","1.9","1.4","0.0","0"
"*06mjz*","Donovan Clingan","POR","C","","72","FA","","1034.25","13.79","3.8","0.5","0.8","12.5","8.4","2.0","0.7","1.2","1.6","0.0","0"
"*05uir*","Trey Murphy","NO","SG,G,SF,PF,F","","73","FA","","1027.53","14.68","7.1","3.1","0.6","16.1","5.7","2.6","1.0","0.6","0.6","0.0","0"
"*06cc7*","Brandin Podziemski","GS","SG,G,SF,F","","74","FA","","1008.48","12.61","5.0","1.3","0.5","10.4","6.6","4.1","0.9","0.3","1.4","0.0","0"
"*04ewk*","John Collins","DET","SF,PF,F,C","","75","FA","BOS Tue 12:00PM","1000.02","14.29","5.1","1.2","0.6","15.3","8.5","1.1","0.6","0.9","1.5","0.0","0"
"*02nfz*","Draymond Green","GS","PF,F,C","","76","FA","","999.67","14.28","3.7","0.9","0.4","9.3","7.5","6.0","1.1","0.9","2.6","0.0","0"
"*03ams*","Zach LaVine","SAC","PG,SG,G,SF,F","","77","FA","","993.3","14.19","7.4","2.3","0.5","17.7","4.9","3.8","0.8","0.4","2.0","0.0","0"
"*042nt*","Ivica Zubac","IND","C","","78","FA","","991.06","14.16","2.8","0.0","0.6","12.1","9.7","1.5","0.4","1.2","1.2","0.0","0"
"*05ujs*","Sandro Mamukelashvili","LAL","PF,F,C","","79","FA","","989.48","13.19","4.5","1.0","0.5","11.3","7.7","2.6","0.5","0.7","0.8","0.0","0"
"*01uyj*","Paul George","BOS","SF,PF,F","","80","FA","@DET Tue 12:00PM","974.88","16.25","8.3","3.0","0.4","21.0","4.9","3.2","1.4","0.5","1.9","0.0","0"
"*06226*","Moussa Diabate","CHA","C","","81","FA","","970.06","13.86","3.8","0.5","1.3","11.3","8.3","1.4","1.7","1.1","1.1","0.0","0"
"*051ol*","Darius Garland","LAC","PG,G","","82","FA","","966.21","13.8","7.8","2.3","0.4","16.9","2.6","6.5","1.2","0.1","2.9","0.0","0"
"*04qrp*","Miles Bridges","PHO","SF,PF,F","","83","FA","","962.99","13.76","7.5","1.9","0.5","16.8","5.9","2.7","0.8","0.4","1.6","0.0","0"
"*05uih*","Jonathan Kuminga","MIN","PF,F,C","","84","FA","","960.05","13.72","6.1","0.8","1.0","18.1","5.3","2.4","0.8","0.6","1.9","0.0","0"
"*05uii*","Franz Wagner","ORL","SF,PF,F","","85","FA","","956.87","14.72","7.5","1.3","0.7","19.0","5.1","3.6","1.0","0.4","2.0","0.0","0"
"*03e6n*","Jusuf Nurkic","UTA","C","","86","FA","","954.36","15.91","3.8","0.3","1.3","10.7","11.1","3.8","1.1","1.1","2.3","0.0","0"
"*051ot*","Tyler Herro","MIL","PG,SG,G","","87","FA","","951.08","14.63","8.9","2.9","0.4","18.8","5.0","4.0","0.7","0.1","1.9","0.0","0"
"*06217*","Dyson Daniels","ATL","PG,SG,G,SF,F","","88","FA","","948","12.64","4.2","1.1","0.6","9.3","5.6","3.8","2.0","0.5","1.4","0.0","0"
"*076t0*","Caleb Wilson","CHI","PF,F","R","89","FA","","947.87","13.54","5.4","1.4","0.7","13.8","6.8","2.4","0.9","0.8","1.5","0.0","0"
"*04ex6*","Isaiah Hartenstein","OKC","C","","90","FA","@SA Tue 6:30PM","940.52","13.44","1.9","0.0","0.6","8.4","8.4","2.7","1.2","1.2","1.2","0.0","0"
"*06213*","Keegan Murray","SAC","SF,PF,F","","91","FA","","940.1","13.43","6.8","2.3","0.3","15.3","5.4","1.8","1.0","0.8","0.8","0.0","0"
"*01eon*","DeMar DeRozan","DEN","SF,PF,F","","92","FA","","938.56","13.41","6.5","0.7","0.8","17.6","3.2","4.0","0.8","0.5","1.2","0.0","0"
"*06v5r*","Egor Demin","BKN","PG,G","","93","FA","","936.74","13.38","6.3","1.9","0.4","14.8","3.8","4.9","1.1","0.3","1.8","0.0","0"
"*06cca*","Brandon Miller","CHA","SG,G,SF,PF,F","","94","FA","","933.8","13.34","8.4","2.6","0.4","18.1","4.4","2.4","0.9","0.6","1.8","0.0","0"
"*04qrl*","Wendell Carter","ORL","C","","95","FA","","930.58","13.29","4.0","1.2","0.9","12.4","8.0","2.1","0.7","0.6","1.4","0.0","0"
"*04848*","Fred VanVleet","HOU","PG,G","","96","FA","","928.44","15.47","7.1","2.7","0.8","14.7","3.5","7.0","1.2","0.7","1.6","0.0","0"
"*027oj*","Kyrie Irving","DAL","PG,SG,G","","97","FA","","927.74","16.87","7.6","2.3","0.3","20.4","4.7","4.7","1.2","0.5","1.8","0.0","0"
"*06v5k*","VJ Edgecombe","PHI","SG,G","","98","FA","@NY Tue 4:00PM","927","12.36","5.4","1.8","0.5","12.6","4.8","3.8","1.0","0.5","1.8","0.0","0"
"*04ewu*","Josh Hart","NY","SG,G,SF,F","","99","FA","PHI Tue 4:00PM","925.89","13.23","4.8","1.0","0.4","9.3","8.0","4.4","0.9","0.3","1.4","0.0","0"
"*03nwn*","Bobby Portis","MIA","PF,F,C","","100","FA","","923.72","13.2","5.8","1.2","0.3","14.2","7.6","1.3","0.8","0.4","1.0","0.0","0"
"*06v5n*","Kon Knueppel","CHA","PG,SG,G,SF,F","","101","FA","","922.88","12.3","6.1","2.1","0.4","13.8","4.4","3.4","0.9","0.4","1.6","0.0","0"
"*076t6*","Darius Acuff","SAC","PG,G","R","102","FA","","915.11","13.07","6.1","1.8","0.4","14.3","3.7","4.9","1.1","0.3","1.8","0.0","0"
"*076tk*","Mikel Brown","BKN","PG,G","R","103","FA","","915.11","13.07","6.1","1.8","0.4","14.3","3.7","4.9","1.1","0.3","1.8","0.0","0"
"*051oj*","RJ Barrett","TOR","SG,G,SF,PF,F","","104","FA","","912","15.2","7.7","1.6","1.6","20.3","5.6","3.8","0.6","0.4","2.2","0.0","0"
"*076ta*","AJ Dybantsa","WAS","SF,F","R","105","FA","","909.37","12.99","6.4","2.0","0.5","15.3","4.8","2.8","0.9","0.5","1.4","0.0","0"
"*06cd4*","Toumani Camara","POR","PF,F,C","","106","FA","","906.56","11.33","4.5","1.1","0.4","10.5","6.3","1.8","1.3","0.6","1.6","0.0","0"
"*06v5y*","Dylan Harper","SA","PG,SG,G,SF,F","","107","FA","OKC Tue 6:30PM","906.01","12.94","6.1","1.8","0.4","14.3","3.6","4.8","1.1","0.3","1.7","0.0","0"
"*06ccf*","Ausar Thompson","DET","SG,G,SF,PF,F","","108","FA","BOS Tue 12:00PM","903.15","12.04","4.2","0.5","0.9","10.0","7.0","2.1","1.2","1.0","1.5","0.0","0"
"*051on*","Coby White","CHA","PG,SG,G","","109","FA","","895.02","12.79","7.2","2.2","0.4","16.0","3.9","4.3","0.5","0.2","1.8","0.0","0"
"*04qrm*","Collin Sexton","LAL","PG,SG,G","","110","FA","","891.87","12.74","6.4","1.6","0.6","17.4","2.4","4.6","0.8","0.2","2.0","0.0","0"
"*06mk1*","Zach Edey","MEM","C","","111","FA","","887.18","13.65","3.7","0.5","0.8","12.1","8.1","1.9","0.8","1.3","1.4","0.0","0"
"*06mk3*","Matas Buzelis","CHI","SF,PF,F","","112","FA","","877.27","11.7","5.6","1.7","0.5","13.3","5.0","2.3","0.8","0.4","1.3","0.0","0"
"*04qrr*","Michael Porter","BKN","SF,PF,F","","113","FA","","876.06","14.6","6.8","2.7","0.3","17.2","7.1","1.6","0.5","0.6","1.2","0.0","0"
"*06mju*","Alex Sarr","WAS","PF,F,C","","114","FA","","874.09","12.49","5.2","1.3","0.7","13.4","6.4","2.1","0.7","0.7","1.5","0.0","0"
"*06mk8*","Jared McCain","OKC","SG,G","","115","FA","@SA Tue 6:30PM","870.8","12.44","5.9","1.7","0.4","13.7","4.0","4.3","1.2","0.4","2.1","0.0","0"
"*0622i*","Gui Santos","GS","SF,PF,F","","116","FA","","865.69","12.37","4.7","1.6","0.3","12.3","6.8","2.3","0.6","0.5","1.3","0.0","0"
"*051os*","P.J. Washington","DAL","SF,PF,F,C","","117","FA","","864.22","12.35","6.2","1.9","0.7","13.3","5.8","1.8","1.0","0.9","1.4","0.0","0"
"*02nf9*","Andre Drummond","NY","C","","118","FA","PHI Tue 4:00PM","863.38","12.33","2.9","0.0","1.2","9.3","10.1","0.5","1.1","0.7","1.2","0.0","0"
"*05qtq*","Tre Jones","CHI","PG,G","","119","FA","","862.19","12.32","3.8","0.9","0.2","10.2","3.8","6.2","1.0","0.2","1.6","0.0","0"
"*06v5a*","Collin Murray-Boyles","TOR","PF,F,C","","120","FA","","858.48","12.26","4.8","1.2","0.6","12.4","6.0","2.3","0.8","0.8","1.4","0.0","0"
"*06mjv*","Reed Sheppard","HOU","PG,SG,G","","121","FA","","858.38","11.45","5.5","1.6","0.4","12.7","3.6","4.1","1.0","0.2","1.9","0.0","0"
"*06mlk*","Ajay Mitchell","OKC","PG,SG,G,SF,F","","122","FA","@SA Tue 6:30PM","857.43","12.25","6.3","1.9","0.4","14.7","3.8","4.6","0.8","0.0","2.2","0.0","0"
"*051pi*","Daniel Gafford","DAL","C","","123","FA","","853.32","13.13","1.8","0.0","0.8","10.3","7.2","1.7","0.8","1.9","1.0","0.0","0"
"*06cac*","Cason Wallace","OKC","PG,SG,G,SF,F","","124","FA","@SA Tue 6:30PM","850.32","10.63","4.3","1.8","0.3","11.0","3.3","2.2","1.3","0.7","0.8","0.0","0"
"*049kc*","Malik Monk","SAC","PG,SG,G","","125","FA","","846.86","12.1","6.7","1.8","0.5","14.7","2.9","4.8","0.6","0.6","2.0","0.0","0"
"*051ox*","Nickeil Alexander-Walker","ATL","PG,SG,G,SF,F","","126","FA","","844.12","11.26","5.3","2.3","0.3","11.9","2.9","3.4","1.1","0.7","1.3","0.0","0"
"*03el5*","Kristaps Porzingis","GS","PF,F,C","","127","FA","","834.8","16.7","6.1","1.9","0.7","19.0","6.8","2.0","0.7","1.9","1.5","0.0","0"
"*051op*","Rui Hachimura","LAC","PF,F","","128","FA","","833.56","11.91","5.0","1.6","0.6","15.1","4.8","1.3","0.7","0.4","0.8","0.0","0"
"*06mll*","Jaylen Wells","MEM","SG,G,SF,F","","129","FA","","830.41","11.86","5.4","1.7","0.5","12.9","4.7","2.3","1.1","0.6","1.1","0.0","0"
"*04ewn*","OG Anunoby","NY","SF,PF,F","","130","FA","PHI Tue 4:00PM","826.49","11.81","5.7","1.8","0.5","14.0","4.1","2.0","1.3","0.7","1.6","0.0","0"
"*06v57*","Ace Bailey","UTA","PG,SG,G,SF,PF,F","","131","FA","","822.5","11.75","5.4","1.7","0.5","12.9","4.7","2.7","0.9","0.5","1.3","0.0","0"
"*06mjw*","Stephon Castle","SA","PG,SG,G","","132","FA","OKC Tue 6:30PM","821.59","11.74","5.9","2.0","0.4","13.3","4.2","3.3","0.9","0.4","1.7","0.0","0"
"*031mb*","Tim Hardaway","MIA","SG,G,SF,F","","133","FA","","818.72","10.23","7.3","2.6","0.3","14.3","3.2","1.9","0.5","0.1","0.9","0.0","0"
"*05qt0*","Saddiq Bey","NO","SF,PF,F","","134","FA","","817.39","11.68","6.2","1.7","0.5","13.3","6.2","1.4","0.8","0.2","0.9","0.0","0"
"*06v5v*","Cedric Coward","MEM","SG,G,SF,F","","135","FA","","817.39","11.68","5.8","2.0","0.4","12.9","4.2","3.2","1.0","0.5","1.6","0.0","0"
"*06mmf*","Daniss Jenkins","DET","PG,G","","136","FA","BOS Tue 12:00PM","815.22","11.65","5.5","1.6","0.4","12.7","3.6","4.2","1.0","0.5","2.1","0.0","0"
"*06mkg*","Kyshawn George","WAS","SG,G,SF,PF,F","","137","FA","","814.73","11.64","5.4","1.7","0.5","12.9","4.8","2.4","1.0","0.3","1.1","0.0","0"
"*042n6*","Jakob Poeltl","TOR","C","","138","FA","","814.62","13.58","2.7","0.0","0.9","10.8","8.1","2.5","0.7","1.5","1.5","0.0","0"
"*06v88*","Maxime Raynaud","SAC","PF,F,C","","139","FA","","814.45","11.63","3.1","0.4","0.7","10.3","6.9","1.8","0.6","1.0","1.1","0.0","0"
"*03nwk*","Kelly Oubre Jr.","IND","SF,PF,F","","140","FA","","813.09","12.51","7.2","1.4","0.8","15.3","5.1","1.8","1.2","0.7","1.3","0.0","0"
"*0621k*","Christian Braun","DEN","SG,G,SF,F","","141","FA","","810.46","11.58","4.9","1.2","0.8","11.0","5.9","2.5","0.8","0.6","1.1","0.0","0"
"*051p9*","Keldon Johnson","SA","SG,G,SF,F","","142","FA","OKC Tue 6:30PM","808.8","10.78","5.7","1.6","0.5","13.0","4.6","2.3","0.6","0.2","1.3","0.0","0"
"*06cby*","Keyonte George","UTA","PG,G","","143","FA","","806.19","11.52","7.6","2.2","0.4","15.0","3.2","4.9","0.6","0.1","2.8","0.0","0"
"*076t9*","Darryn Peterson","UTA","SG,G","R","144","FA","","806.19","11.52","5.8","2.0","0.4","12.9","4.0","3.2","0.9","0.4","1.4","0.0","0"
"*0623e*","Collin Gillespie","PHO","PG,G","","145","FA","","805.58","10.74","5.0","1.8","0.5","11.9","2.9","3.8","1.4","0.0","1.6","0.0","0"
"*03al0*","Aaron Gordon","DEN","PF,F,C","","146","FA","","803.64","13.39","4.2","0.6","1.2","13.3","6.3","3.5","0.8","0.6","1.4","0.0","0"
"*02ym0*","Andrew Wiggins","MIA","SG,G,SF,F","","147","FA","","800.52","11.44","6.2","1.4","0.6","14.1","5.0","1.9","0.6","0.6","1.3","0.0","0"
"*0621t*","Peyton Watson","CLE","SG,G,SF,PF,F","","148","FA","","800.17","11.43","4.9","1.0","0.7","10.8","5.3","1.7","0.9","1.7","1.2","0.0","0"
"*05qt4*","Aaron Nesmith","IND","SF,PF,F","","149","FA","","797.09","11.39","5.0","2.0","0.5","13.2","4.0","1.8","1.0","0.8","1.0","0.0","0"
"*05uj9*","Herbert Jones","NO","SG,G,SF,PF,F","","150","FA","","794.92","11.36","3.9","1.5","0.3","11.4","3.4","2.7","1.5","0.9","1.2","0.0","0"
"*06v5f*","Khaman Maluach","PHO","C","","151","FA","","794.58","13.24","3.5","0.5","0.7","11.6","8.0","1.9","0.8","1.2","1.4","0.0","0"
"*0558t*","Max Strus","LAC","SG,G,SF,F","","152","FA","","794.5","11.35","5.4","2.1","0.3","11.4","4.3","3.6","0.8","0.4","1.4","0.0","0"
"*06mlr*","Jamal Shead","TOR","PG,G","","153","FA","","791.02","10.55","5.0","1.5","0.4","11.7","3.4","3.7","1.0","0.3","1.9","0.0","0"
"*05uj4*","Santi Aldama","DAL","PF,F,C","","154","FA","","787.22","12.11","5.5","1.8","0.6","11.4","6.1","2.3","0.8","0.9","1.2","0.0","0"
"*0621x*","Jaylin Williams","OKC","PF,F,C","","155","FA","@SA Tue 6:30PM","784.91","11.21","3.7","1.3","0.3","8.0","6.0","3.1","0.8","0.7","0.8","0.0","0"
"*06mkd*","Yves Missi","NO","PF,F,C","","156","FA","","777.84","11.11","3.0","0.4","0.6","9.8","6.6","1.6","0.7","1.0","1.2","0.0","0"
"*076sx*","Yaxel Lendeborg","GS","SF,F","R","157","FA","","758.17","10.83","4.3","1.1","0.5","11.1","5.4","1.9","0.7","0.7","1.2","0.0","0"
"*06v5q*","Danny Wolf","BKN","PF,F,C","","158","FA","","755.24","11.62","3.1","0.4","0.7","10.3","6.9","1.7","0.6","1.1","1.2","0.0","0"
"*05ujc*","Ayo Dosunmu","MIN","PG,SG,G,SF,F","","159","FA","","753.53","10.05","4.5","1.5","0.3","11.8","2.5","3.1","0.8","0.5","1.3","0.0","0"
"*05qzh*","Naji Marshall","DAL","SG,G,SF,PF,F","","160","FA","","752.29","10.75","4.3","1.3","0.4","10.1","5.4","2.7","1.1","0.2","1.5","0.0","0"
"*027p4*","Tobias Harris","SA","PF,F","","161","FA","OKC Tue 6:30PM","751.27","11.56","5.5","1.0","0.3","13.0","5.0","2.3","0.8","0.5","1.1","0.0","0"
"*049kd*","Deandre Ayton","WAS","C","","162","FA","","749.84","10.71","3.6","0.0","0.2","10.9","6.9","1.0","0.6","0.5","1.1","0.0","0"
"*051ok*","De'Andre Hunter","SAC","SF,PF,F","","163","FA","","743.4","11.44","6.4","2.2","0.6","16.2","3.9","1.7","0.8","0.3","1.5","0.0","0"
"*0621g*","Tari Eason","HOU","SF,PF,F","","164","FA","","737.7","12.29","4.7","0.9","0.6","10.3","7.3","1.3","1.5","0.9","1.0","0.0","0"
"*05qu0*","Jaden McDaniels","MIN","SF,PF,F","","165","FA","","733.28","9.78","5.0","1.3","0.5","12.0","3.6","1.5","1.0","0.6","1.3","0.0","0"
"*06v5g*","Jeremiah Fears","NO","PG,G","","166","FA","","732.83","9.77","4.6","1.4","0.3","10.8","2.8","3.6","0.8","0.2","1.3","0.0","0"
"*0621y*","Max Christie","DAL","SG,G,SF,F","","167","FA","","731.85","9.76","4.6","1.5","0.4","10.0","4.7","2.0","0.7","0.6","1.2","0.0","0"
"*06v5w*","Nique Clifford","SAC","SG,G,SF,F","","168","FA","","730.17","10.43","4.8","1.5","0.4","11.6","4.3","2.4","0.7","0.4","1.1","0.0","0"
"*06mlm*","Oso Ighodaro","PHO","PF,F,C","","169","FA","","730.03","10.43","4.5","1.1","0.6","11.5","5.4","2.1","0.4","0.4","1.5","0.0","0"
"*05uiz*","Quentin Grimes","LAL","SG,G,SF,F","","170","FA","","728.85","9.72","6.7","2.3","0.4","11.9","3.0","2.1","1.0","0.3","0.9","0.0","0"
"*027p0*","Nikola Vucevic","ORL","C","","171","FA","","728.85","11.21","5.0","0.8","0.2","11.1","6.5","2.1","0.4","0.5","1.0","0.0","0"
"*04s00*","Duncan Robinson","DET","SG,G,SF,F","","172","FA","BOS Tue 12:00PM","727.35","9.7","5.3","2.6","0.1","12.4","2.5","2.5","0.7","0.2","1.4","0.0","0"
"*051or*","Cameron Johnson","DEN","SF,PF,F","","173","FA","","726.9","12.12","6.2","2.5","0.4","14.2","4.5","2.4","0.9","0.3","1.1","0.0","0"
"*076tc*","Keaton Wagler","LAC","SG,G","R","174","FA","","722.68","10.32","5.1","1.8","0.3","11.6","3.6","2.9","0.8","0.4","1.3","0.0","0"
"*05uij*","Davion Mitchell","MIA","PG,G","","175","FA","","720.38","9.61","4.6","1.6","0.5","11.3","2.8","3.4","0.5","0.1","1.2","0.0","0"
"*06mjt*","Zaccharie Risacher","DAL","SF,F","","176","FA","","720.09","10.29","4.8","1.5","0.4","11.6","4.3","1.9","0.9","0.4","1.1","0.0","0"
"*05qtm*","Precious Achiuwa","SAC","PF,F,C","","177","FA","","718.13","10.26","3.1","0.4","0.6","8.1","7.0","1.3","0.7","1.0","1.1","0.0","0"
"*06cbx*","Jaime Jaquez","MIL","SG,G,SF,PF,F","","178","FA","","715.12","10.22","4.8","0.9","0.5","11.8","3.9","2.7","1.1","0.2","1.5","0.0","0"
"*06mkb*","Ja'Kobe Walter","TOR","PG,SG,G","","179","FA","","709.43","9.46","4.8","1.6","0.3","10.7","3.3","2.4","0.7","0.5","1.3","0.0","0"
"*01eo9*","Jrue Holiday","POR","PG,SG,G","","180","FA","","708.35","12.88","4.7","1.9","0.2","11.9","4.8","4.5","0.8","0.7","1.7","0.0","0"
"*05uug*","Sam Hauser","BOS","SF,PF,F","","181","FA","@DET Tue 12:00PM","704.48","9.39","4.3","2.6","0.2","10.9","3.7","1.1","0.5","0.4","0.5","0.0","0"
"*04jwd*","Royce O'Neale","CHA","SF,PF,F","","182","FA","","703.43","10.05","4.3","1.9","0.3","8.9","4.7","2.5","0.7","0.5","0.9","0.0","0"
"*05qst*","Paul Reed","DET","C","","183","FA","BOS Tue 12:00PM","700","10","2.8","0.3","0.3","7.6","6.1","1.4","0.8","1.1","0.8","0.0","0"
"*076tb*","Allen Graves","TOR","PF,F","R","184","FA","","694.54","9.92","3.9","1.0","0.5","10.1","5.0","1.8","0.7","0.6","1.1","0.0","0"
"*02nf6*","Damian Lillard","POR","PG,G","","185","FA","","689.5","13.79","6.4","1.9","0.4","16.3","3.5","5.6","0.8","0.2","2.1","0.0","0"
"*042n2*","Kris Dunn","LAC","PG,SG,G","","186","FA","","686.42","9.81","3.1","0.8","0.3","7.3","3.5","4.3","1.2","0.5","1.5","0.0","0"
"*04qs1*","Anfernee Simons","PHI","PG,SG,G","","187","FA","@NY Tue 4:00PM","684.12","10.52","6.1","2.0","0.2","13.7","2.7","4.3","0.4","0.1","2.1","0.0","0"
"*06cab*","Jarace Walker","IND","SF,PF,F","","188","FA","","681.24","9.73","4.2","1.3","0.3","8.9","4.0","2.7","0.9","0.7","1.1","0.0","0"
"*04ewr*","Kyle Kuzma","MIL","SF,PF,F","","189","FA","","681.12","11.35","6.6","1.4","0.5","14.6","4.5","2.9","0.4","0.5","1.8","0.0","0"
"*05qtb*","Sam Merrill","CLE","SG,G,SF,F","","190","FA","","680.09","10.46","6.1","3.2","0.1","12.7","2.9","2.6","0.6","0.1","0.6","0.0","0"
"*05qsp*","Isaiah Joe","DET","PG,SG,G","","191","FA","BOS Tue 12:00PM","676.97","9.67","4.7","2.5","0.1","11.3","3.1","1.9","0.8","0.3","0.8","0.0","0"
"*05uif*","Jalen Suggs","ORL","PG,G","","192","FA","","674.7","11.25","5.2","2.1","0.5","12.6","3.1","3.0","1.5","0.6","1.9","0.0","0"
"*06v80*","Ryan Kalkbrenner","CHA","C","","193","FA","","672.91","9.61","2.6","0.3","0.5","8.5","5.8","1.4","0.5","0.8","1.0","0.0","0"
"*05uup*","Jay Huff","IND","C","","194","FA","","672.83","8.97","2.7","0.7","0.4","8.6","4.7","1.2","0.6","0.8","0.8","0.0","0"
"*06mka*","Tristan da Silva","ORL","SF,PF,F","","195","FA","","668.5","9.55","3.9","1.0","0.5","10.1","4.8","1.6","0.6","0.6","1.2","0.0","0"
"*06cdn*","Scoot Henderson","POR","PG,G","","196","FA","","666","11.1","7.5","1.4","0.5","14.1","3.1","5.4","0.8","0.2","3.3","0.0","0"
"*04jwb*","Luke Kornet","SA","C","","197","FA","OKC Tue 6:30PM","663.53","9.48","1.4","0.0","0.2","6.9","5.3","1.4","0.5","1.3","0.4","0.0","0"
"*03r7z*","Norman Powell","CHI","SG,G,SF,F","","198","FA","","663.33","10.21","5.7","2.4","0.5","15.1","2.7","1.2","0.6","0.3","0.9","0.0","0"
"*062dn*","Julian Champagnie","SA","SF,PF,F","","199","FA","OKC Tue 6:30PM","663.07","8.84","4.2","1.7","0.3","9.0","3.5","1.7","0.8","0.8","0.9","0.0","0"
"*06mln*","Adem Bona","PHI","C","","200","FA","@NY Tue 4:00PM","662.13","9.46","2.6","0.3","0.5","8.5","5.7","1.4","0.5","0.8","1.1","0.0","0"
"*06mlq*","Pelle Larsson","MIA","SG,G,SF,F","","201","FA","","661.85","9.46","4.8","1.6","0.3","10.7","3.3","2.4","0.9","0.5","1.3","0.0","0"
"*03al1*","Marcus Smart","HOU","PG,SG,G","","202","FA","","661.56","11.03","6.2","2.0","0.6","13.3","2.5","4.0","1.9","0.2","2.9","0.0","0"
"*0621u*","Andrew Nembhard","IND","PG,SG,G","","203","FA","","652.14","10.03","4.5","1.1","0.3","11.1","2.5","4.2","1.1","0.1","1.8","0.0","0"
"*06ccd*","Noah Clowney","BKN","PF,F,C","","204","FA","","647.6","9.96","3.4","0.9","0.7","9.3","6.1","1.1","0.6","0.7","1.0","0.0","0"
"*06mk6*","Carlton Carrington","WAS","PG,G","","205","FA","","644.4","8.59","4.2","1.2","0.3","9.8","2.7","3.1","0.7","0.2","1.4","0.0","0"
"*04qsd*","Mitchell Robinson","BOS","C","","206","FA","@DET Tue 12:00PM","643.04","9.89","1.9","0.0","1.3","5.6","7.9","0.6","1.0","1.1","0.8","0.0","0"
"*06v5m*","Joan Beringer","MIN","PF,F,C","","207","FA","","641.06","9.16","2.5","0.3","0.5","8.1","5.4","1.4","0.5","0.9","0.9","0.0","0"
"*076tl*","Brayden Burries","MIL","SG,G","R","208","FA","","638.96","9.13","4.6","1.6","0.3","10.2","3.2","2.6","0.7","0.3","1.1","0.0","0"
"*0527l*","Luguentz Dort","ATL","SG,G,SF,PF,F","","209","FA","","638.47","9.12","4.6","1.9","0.3","10.4","3.5","1.4","0.8","0.6","0.9","0.0","0"
"*06v8p*","Will Richard","GS","SG,G","","210","FA","","632.52","9.04","4.3","1.5","0.3","9.8","3.1","2.6","0.9","0.4","1.3","0.0","0"
"*051p4*","Ty Jerome","MEM","SG,G,SF,F","","211","FA","","629.82","10.5","5.3","1.4","0.4","12.5","2.5","4.2","0.8","0.0","1.4","0.0","0"
"*05uja*","Miles McBride","NY","PG,SG,G","","212","FA","PHI Tue 4:00PM","622.44","8.89","4.7","2.0","0.2","11.1","1.9","2.1","1.0","0.1","0.6","0.0","0"
"*06cc5*","Anthony Black","ORL","PG,SG,G","","213","FA","","617.54","8.82","3.9","1.0","0.9","9.0","3.7","2.3","0.9","0.6","1.5","0.0","0"
"*02nf3*","Bradley Beal","LAC","SG,G","","214","FA","","617.5","12.35","5.7","1.6","0.4","14.5","3.5","4.6","0.9","0.3","2.1","0.0","0"
"*06mlz*","Cam Spencer","MEM","PG,SG,G","","215","FA","","614.84","9.46","4.8","1.6","0.3","10.7","3.3","2.4","0.9","0.5","1.5","0.0","0"
"*051pa*","Kevin Porter","MIL","PG,SG,G","","216","FA","","613.68","10.23","4.9","1.7","0.4","11.0","3.5","4.2","0.9","0.2","2.4","0.0","0"
"*06cbz*","Brice Sensabaugh","UTA","SF,PF,F","","217","FA","","608.55","8.11","4.6","1.3","0.2","9.2","3.9","2.3","0.6","0.2","1.8","0.0","0"
"*06nv9*","Spencer Jones","DEN","SF,PF,F","","218","FA","","605.5","8.65","3.4","0.9","0.4","8.8","4.2","1.5","0.7","0.4","0.7","0.0","0"
"*06215*","Bennedict Mathurin","NO","SG,G,SF,F","","219","FA","","604.08","10.07","6.2","1.4","0.7","14.1","3.9","1.9","0.6","0.2","1.7","0.0","0"
"*05qsk*","Isaac Okoro","CHI","SG,G,SF,F","","220","FA","","603.33","8.62","3.7","1.3","0.6","9.5","2.9","1.8","0.8","0.5","0.8","0.0","0"
"*04ex8*","Dillon Brooks","PHO","SG,G,SF,PF,F","","221","FA","","599.37","9.22","6.0","1.8","0.3","12.3","3.2","1.7","0.8","0.2","1.2","0.0","0"
"*05ux3*","Jordan Goodwin","PHO","PG,SG,G","","222","FA","","596.34","9.94","4.5","0.9","0.3","7.9","4.8","3.4","0.9","0.4","1.2","0.0","0"
"*06mle*","Kyle Filipowski","UTA","PF,F,C","","223","FA","","594.37","8.49","2.3","0.3","0.5","7.6","5.1","1.1","0.5","0.8","0.9","0.0","0"
"*031m4*","Dennis Schroder","CHA","PG,SG,G","","224","FA","","580.72","8.3","4.2","1.1","0.3","9.0","2.0","3.9","0.5","0.2","1.2","0.0","0"
"*0621i*","Jake LaRavia","LAL","PF,F","","225","FA","","572.18","8.17","4.8","1.2","0.5","9.5","3.5","1.5","0.8","0.3","1.1","0.0","0"
"*06v58*","Tre Johnson","WAS","PG,SG,G","","226","FA","","570.63","8.78","4.4","1.5","0.3","9.8","3.2","2.4","0.7","0.3","1.2","0.0","0"
"*04ewd*","Luke Kennard","PHO","PG,SG,G","","227","FA","","568.82","8.13","3.7","2.1","0.1","9.1","2.3","2.9","0.4","0.1","1.1","0.0","0"
"*03ad0*","Tyus Jones","DEN","PG,G","","228","FA","","564.13","8.06","3.0","0.9","0.1","7.0","1.6","4.3","0.6","0.1","0.6","0.0","0"
"*06mjx*","Ron Holland","DET","SF,PF,F","","229","FA","BOS Tue 12:00PM","563.85","7.52","3.5","1.1","0.3","8.4","3.2","1.5","0.7","0.2","0.9","0.0","0"
"*04qs4*","Robert Williams","POR","C","","230","FA","","563.46","9.39","1.9","0.1","0.6","7.0","5.9","0.9","0.9","1.2","1.1","0.0","0"
"*06mkc*","Jaylon Tyson","CLE","SG,G,SF,F","","231","FA","","560.63","8.01","3.9","1.2","0.3","9.3","3.6","1.5","0.6","0.2","1.1","0.0","0"
"*06v8g*","Kobe Sanders","LAC","SG,G,SF,F","","232","FA","","560.11","8.62","4.2","1.4","0.3","9.3","2.9","2.5","0.8","0.4","1.3","0.0","0"
"*06v5p*","Nolan Traore","BKN","PG,G","","233","FA","","557.5","8.58","4.0","1.2","0.3","9.3","2.4","3.2","0.7","0.2","1.2","0.0","0"
"*06v56*","Walter Clayton","MEM","PG,G","","234","FA","","548.86","8.44","4.0","1.2","0.3","9.3","2.4","3.1","0.7","0.2","1.2","0.0","0"
"*03aq2*","Jerami Grant","MEM","SF,PF,F","","235","FA","","547.25","10.95","6.8","1.5","0.8","16.4","2.8","2.3","0.7","0.5","1.7","0.0","0"
"*06mkk*","Ryan Dunn","PHO","SF,PF,F","","236","FA","","542.57","7.75","3.7","1.1","0.3","8.9","2.7","2.0","0.7","0.3","1.2","0.0","0"
"*05qub*","Isaiah Stewart","MEM","PF,F,C","","237","FA","","541.45","8.33","3.3","1.1","0.4","8.6","4.9","1.1","0.3","0.6","1.1","0.0","0"
"*0626t*","Dominick Barlow","PHI","SF,PF,F,C","","238","FA","@NY Tue 4:00PM","541.19","8.33","2.4","0.2","0.5","6.6","4.7","1.6","0.6","0.7","0.4","0.0","0"
"*06v5d*","Hugo Gonzalez","BOS","SG,G,SF,PF,F","","239","FA","@DET Tue 12:00PM","539.35","7.7","3.5","1.1","0.3","8.4","3.0","1.7","0.6","0.3","0.8","0.0","0"
"*05qty*","Jalen Smith","CHI","PF,F,C","","240","FA","","537.48","8.96","2.7","0.9","0.5","8.9","5.3","1.0","0.2","0.6","0.7","0.0","0"
"*04qry*","Grayson Allen","CHA","PG,SG,G,SF,F","","241","FA","","535.41","8.24","3.1","1.8","0.2","9.0","2.5","2.0","0.6","0.4","0.9","0.0","0"
"*06v5b*","Yanic Konan Niederhauser","LAC","SF,PF,F,C","","242","FA","","534.65","10.69","2.9","0.4","0.6","9.4","6.3","1.6","0.5","1.1","1.1","0.0","0"
"*06ccz*","Mouhamed Gueye","ATL","PF,F","","243","FA","","533.33","7.62","3.6","1.0","0.4","8.1","4.4","0.9","0.4","0.6","1.1","0.0","0"
"*06v72*","Rasheer Fleming","PHO","PF,F","","244","FA","","533.05","7.61","3.5","1.1","0.3","8.4","3.1","1.7","0.5","0.3","0.8","0.0","0"
"*031lz*","Steven Adams","HOU","C","","245","FA","","532.62","9.68","2.6","0.3","1.3","7.8","6.8","1.4","0.6","0.6","1.1","0.0","0"
"*05ujq*","Luka Garza","BOS","C","","246","FA","@DET Tue 12:00PM","530.86","8.17","4.2","1.2","0.6","10.8","3.8","0.6","0.5","0.3","0.7","0.0","0"
"*05uj0*","Bones Hyland","MIN","PG,G","","247","FA","","530.11","7.57","5.0","1.5","0.2","8.8","1.7","3.4","0.8","0.1","1.6","0.0","0"
"*05ujt*","Aaron Wiggins","ATL","SG,G,SF,F","","248","FA","","527.09","8.11","3.0","1.0","0.2","9.0","3.0","1.6","0.9","0.3","1.0","0.0","0"
"*03aq3*","Kyle Anderson","TOR","SF,PF,F","","249","FA","","527.04","8.78","2.7","0.2","0.4","6.4","3.3","4.0","0.8","0.5","1.1","0.0","0"
"*05wqo*","Dru Smith","MIA","PG,SG,G","","250","FA","","523.95","7.49","3.2","1.0","0.2","7.6","2.1","2.4","1.0","0.3","0.8","0.0","0"
"*06cc8*","Dereck Lively","DAL","C","","251","FA","","523.16","9.51","1.3","0.0","0.7","7.7","5.8","0.9","0.6","1.2","0.8","0.0","0"
"*03wr4*","T.J. McConnell","IND","PG,G","","252","FA","","521.55","10.43","3.7","0.3","0.2","10.1","2.6","5.2","1.0","0.1","1.5","0.0","0"
"*06cc1*","Bilal Coulibaly","WAS","SG,G,SF,PF,F","","253","FA","","521.16","8.69","4.0","1.0","0.6","8.6","4.0","1.7","0.9","0.8","1.4","0.0","0"
"*06234*","AJ Green","MIL","PG,SG,G,SF,F","","254","FA","","520","8","4.8","2.4","0.2","10.7","2.4","1.3","0.4","0.2","0.6","0.0","0"
"*05qsx*","Obi Toppin","IND","PF,F,C","","255","FA","","519.42","8.66","2.9","1.1","0.3","9.4","3.8","1.4","0.5","0.5","0.8","0.0","0"
"*04qsm*","De'Anthony Melton","GS","PG,SG,G","","256","FA","","519.31","9.44","4.7","1.7","0.3","9.4","3.1","2.5","1.3","0.4","0.9","0.0","0"
"*005ki*","Brook Lopez","LAC","C","","257","FA","","516","8.6","3.2","1.2","0.2","8.4","3.4","1.1","0.4","1.6","0.7","0.0","0"
"*04qs3*","Landry Shamet","NY","SG,G","","258","FA","PHI Tue 4:00PM","515.91","7.94","4.9","1.6","0.2","10.2","2.0","1.7","0.8","0.4","1.0","0.0","0"
"*0529c*","Dean Wade","PHI","PF,F","","259","FA","@NY Tue 4:00PM","512.72","7.89","3.2","1.4","0.3","7.8","3.8","0.9","0.7","0.4","0.4","0.0","0"
"*06v55*","Kasparas Jakucionis","MIL","SG,G","","260","FA","","510.84","8.51","4.0","1.2","0.3","9.3","2.4","3.1","0.7","0.2","1.1","0.0","0"
"*06mkl*","Isaiah Collier","UTA","PG,SG,G","","261","FA","","507.39","7.81","3.8","1.1","0.3","8.8","2.4","2.8","0.7","0.3","1.4","0.0","0"
"*049ki*","Marvin Bagley","DEN","PF,F,C","","262","FA","","503.64","8.39","2.8","0.2","0.5","9.2","5.1","0.8","0.3","0.5","0.9","0.0","0"
"*027ou*","Klay Thompson","MIA","SG,G,SF,F","","263","FA","","502.86","8.38","5.7","2.3","0.1","12.0","2.2","1.6","0.5","0.3","1.1","0.0","0"
"*06mly*","Quinten Post","MEM","C","","264","FA","","492.5","7.58","2.2","0.3","0.5","7.2","4.8","1.0","0.3","0.6","1.0","0.0","0"
"*04qsi*","Jarred Vanderbilt","LAL","PF,F","","265","FA","","490.75","7.55","2.0","0.4","0.5","5.9","4.6","1.2","1.2","0.2","0.9","0.0","0"
"*03byk*","Jordan Clarkson","NY","SG,G,SF,F","","266","FA","PHI Tue 4:00PM","489.79","7","4.7","0.9","0.2","9.3","1.9","2.8","0.4","0.1","1.5","0.0","0"
"*04qrw*","Kevin Huerter","DET","SG,G,SF,F","","267","FA","BOS Tue 12:00PM","488.76","8.15","3.9","1.6","0.2","8.7","2.8","2.2","0.6","0.3","0.7","0.0","0"
"*051oy*","Goga Bitadze","ORL","C","","268","FA","","485.68","7.47","1.3","0.1","0.5","5.0","4.5","1.3","0.5","1.1","0.7","0.0","0"
"*06v59*","Will Riley","WAS","SF,F","","269","FA","","485.03","6.93","3.2","1.0","0.3","7.6","2.7","1.5","0.5","0.3","0.7","0.0","0"
"*043cj*","Gary Payton II","GS","PG,SG,G","","270","FA","","484.72","6.46","1.9","0.5","0.3","6.0","2.6","1.3","0.9","0.4","0.6","0.0","0"
"*000zv*","Al Horford","GS","PF,F,C","","271","FA","","479.49","8.72","2.5","1.1","0.2","7.2","4.5","1.7","0.4","0.7","0.6","0.0","0"
"*0496e*","Alex Caruso","OKC","PG,SG,G,SF,F","","272","FA","@SA Tue 6:30PM","478.5","7.98","2.9","1.3","0.2","6.8","2.5","2.4","1.1","0.7","0.9","0.0","0"
"*0558v*","Javonte Green","DET","SG,G,SF,F","","273","FA","BOS Tue 12:00PM","477.68","6.82","2.3","0.8","0.2","6.5","3.3","1.1","0.6","0.5","0.8","0.0","0"
"*048zt*","Derrick Jones","LAC","SF,PF,F","","274","FA","","474.18","7.9","3.4","1.1","0.5","8.7","3.4","1.0","0.7","0.7","0.9","0.0","0"
"*076th*","Christian Anderson","CHA","PG,G","R","275","FA","","473.34","6.76","3.1","0.9","0.2","7.4","1.9","2.5","0.5","0.2","0.9","0.0","0"
"*06cd1*","Jordan Walsh","BOS","PF,F","","276","FA","@DET Tue 12:00PM","471.58","7.26","3.1","0.8","0.3","7.2","3.5","1.6","0.6","0.4","0.8","0.0","0"
"*05uul*","Jose Alvarado","NY","PG,G","","277","FA","PHI Tue 4:00PM","470.68","6.72","3.3","1.2","0.3","6.7","2.0","1.9","1.0","0.3","0.7","0.0","0"
"*0623m*","Keon Ellis","BKN","PG,SG,G","","278","FA","","466.55","6.66","2.5","1.1","0.2","6.0","2.4","1.6","0.9","0.6","0.7","0.0","0"
"*062pk*","Simone Fontecchio","MIA","SF,PF,F","","279","FA","","466.13","6.66","3.3","1.4","0.1","7.9","2.7","1.1","0.5","0.3","0.8","0.0","0"
"*04qs2*","Moritz Wagner","BKN","C","","280","FA","","457.14","7.62","2.4","0.4","0.4","9.1","3.7","1.1","0.4","0.3","1.0","0.0","0"
"*06mkj*","Terrence Shannon","MIN","SG,G,SF,PF,F","","281","FA","","456.54","6.52","3.4","1.1","0.2","7.6","2.4","1.7","0.5","0.2","0.9","0.0","0"
"*06216*","Shaedon Sharpe","POR","SG,G,SF,F","","282","FA","","454.86","10.11","6.4","1.6","0.5","13.0","4.0","2.4","0.7","0.3","1.8","0.0","0"
"*0621q*","Nikola Jovic","MIA","PF,F,C","","283","FA","","449.16","7.49","3.1","1.2","0.3","7.2","3.7","1.8","0.5","0.3","0.9","0.0","0"
"*06v7z*","Sion James","CHA","SG,G,SF,F","","284","FA","","441.77","6.31","3.2","1.1","0.2","7.1","2.2","1.8","0.5","0.2","0.8","0.0","0"
"*05uik*","Ziaire Williams","LAL","SG,G,SF,F","","285","FA","","439.27","6.76","4.1","1.1","0.3","7.8","3.3","1.3","0.7","0.2","1.2","0.0","0"
"*06ca3*","Julian Strawther","DEN","SG,G,SF,F","","286","FA","","438.41","6.26","4.3","1.3","0.2","7.7","2.0","1.6","0.5","0.2","0.7","0.0","0"
"*0623a*","Scotty Pippen","MEM","PG,G","","287","FA","","438.3","8.77","3.6","1.1","0.5","9.4","2.2","3.4","1.3","0.4","2.1","0.0","0"
"*06v5s*","Drake Powell","BKN","SG,G,SF,PF,F","","288","FA","","435","7.25","3.6","1.2","0.2","8.0","2.6","2.0","0.6","0.3","1.0","0.0","0"
"*0622f*","Karlo Matkovic","NO","PF,F,C","","289","FA","","430.5","7.17","2.9","0.7","0.4","7.4","3.5","1.3","0.5","0.5","0.8","0.0","0"
"*031lv*","Kentavious Caldwell-Pope","PHI","SG,G,SF,F","","290","FA","@NY Tue 4:00PM","430.43","6.15","2.8","1.1","0.1","6.6","1.6","1.6","0.8","0.3","0.6","0.0","0"
"*06v8h*","Mohamed Diawara","NY","SF,F","","291","FA","PHI Tue 4:00PM","430.43","6.15","2.5","0.6","0.3","6.5","3.1","1.1","0.5","0.3","0.9","0.0","0"
"*05qsl*","Patrick Williams","CHI","SF,PF,F","","292","FA","","429.38","6.13","3.1","0.9","0.2","6.8","2.5","1.0","0.6","0.5","0.8","0.0","0"
"*05uiw*","Isaiah Jackson","LAC","C","","293","FA","","429.05","8.58","1.7","0.1","0.5","7.3","4.7","1.0","0.7","1.2","0.8","0.0","0"
"*076sy*","Morez Johnson","DAL","PF,F","R","294","FA","","429","8.58","3.4","0.9","0.4","8.8","4.3","1.5","0.6","0.5","0.9","0.0","0"
"*06cc0*","Taylor Hendricks","MEM","SF,PF,F,C","","295","FA","","429","7.15","3.0","1.1","0.2","7.0","3.9","0.7","0.5","0.7","0.7","0.0","0"
"*06v5x*","Carter Bryant","SA","SF,PF,F","","296","FA","OKC Tue 6:30PM","421.82","6.03","2.8","0.9","0.2","6.7","2.5","1.4","0.4","0.2","0.6","0.0","0"
"*06mk0*","Rob Dillingham","CHI","PG,G","","297","FA","","418.8","6.98","3.4","1.0","0.2","7.8","2.2","2.5","0.6","0.2","1.1","0.0","0"
"*076t2*","Cameron Carr","LAL","SG,G","R","298","FA","","417.13","5.96","3.0","1.0","0.2","6.7","2.1","1.7","0.5","0.2","0.8","0.0","0"
"*06prl*","Nae'Qwan Tomlin","CLE","PF,F","","299","FA","","414.25","6.37","2.5","0.6","0.3","6.5","3.1","1.2","0.4","0.4","0.7","0.0","0"
"*06cd9*","Jaylen Clark","MIN","SG,G,SF,F","","300","FA","","411.13","6.33","2.9","0.9","0.2","6.8","1.7","2.3","0.5","0.3","0.9","0.0","0"
"*05uuq*","Jock Landale","ATL","C","","301","FA","","410.47","6.31","1.8","0.2","0.3","5.5","3.5","1.2","0.3","0.6","0.5","0.0","0"
"*02nf7*","Harrison Barnes","SA","SF,PF,F","","302","FA","OKC Tue 6:30PM","409.31","6.3","3.4","1.3","0.3","8.7","2.1","0.8","0.4","0.1","0.5","0.0","0"
"*04ex5*","Thomas Bryant","CLE","C","","303","FA","","406.38","6.77","1.9","0.3","0.3","6.5","4.2","0.7","0.3","0.5","0.6","0.0","0"
"*06cp4*","Craig Porter","CLE","PG,G","","304","FA","","406.26","6.77","2.6","0.3","0.3","6.6","2.5","2.7","0.5","0.3","1.0","0.0","0"
"*051oo*","Jaxson Hayes","UTA","C","","305","FA","","405.15","6.23","1.0","0.1","0.5","5.6","3.8","0.6","0.6","0.5","0.8","0.0","0"
"*05uud*","Justin Champagnie","WAS","SF,PF,F","","306","FA","","400.68","6.68","2.9","1.1","0.2","6.5","2.9","1.4","0.6","0.5","0.7","0.0","0"
"*06mmc*","Justin Edwards","PHI","SG,G,SF,PF,F","","307","FA","@NY Tue 4:00PM","397.44","6.62","3.0","0.9","0.3","7.1","2.6","1.3","0.6","0.4","0.6","0.0","0"
"*051p8*","Jordan Poole","NO","PG,SG,G","","308","FA","","397.35","7.95","5.3","1.4","0.2","10.4","1.7","3.0","0.7","0.2","1.4","0.0","0"
"*04t8w*","Kenrich Williams","OKC","PF,F","","309","FA","@SA Tue 6:30PM","391.5","6.53","2.4","0.8","0.4","5.9","3.3","1.4","0.6","0.2","0.5","0.0","0"
"*06y2o*","Dylan Cardwell","SAC","PF,F,C","","310","FA","","391.05","7.82","2.2","0.3","0.5","7.2","4.8","1.3","0.3","0.6","1.0","0.0","0"
"*06v86*","Micah Peavy","MEM","SG,G,SF,PF,F","","311","FA","","390.9","6.51","3.0","0.9","0.3","7.1","2.6","1.4","0.5","0.3","0.6","0.0","0"
"*06mkm*","Baylor Scheierman","BOS","SG,G,SF,F","","312","FA","@DET Tue 12:00PM","386.54","5.52","2.8","0.9","0.2","6.2","1.9","1.4","0.4","0.3","0.7","0.0","0"
"*03e6s*","Clint Capela","HOU","C","","313","FA","","384.51","6.99","1.7","0.0","0.5","5.4","5.0","0.7","0.3","0.7","0.5","0.0","0"
"*06caa*","Ben Sheppard","IND","SG,G,SF,F","","314","FA","","370.3","5.7","3.1","1.1","0.1","6.5","1.9","1.1","0.7","0.1","0.3","0.0","0"
"*05ujr*","Charles Bassey","GS","C","","315","FA","","363","6.6","1.0","0.1","0.3","4.5","4.2","1.1","0.5","0.8","0.8","0.0","0"
"*06cel*","Sidy Cissoko","POR","SF,F","","316","FA","","362.1","6.04","2.5","0.7","0.2","5.7","2.3","1.4","0.9","0.6","0.8","0.0","0"
"*027pe*","Jimmy Butler","GS","SF,PF,F","","317","FA","","353.75","14.15","5.4","0.8","0.8","16.9","4.3","4.1","1.1","0.2","1.4","0.0","0"
"*051ps*","Terance Mann","BKN","PG,SG,G,SF,F","","318","FA","","350.07","6.37","2.6","0.8","0.2","7.3","2.6","1.2","0.4","0.2","0.5","0.0","0"
"*076tm*","Nate Ament","MIL","SF,F","R","319","FA","","343.05","6.86","3.2","1.0","0.3","7.6","2.7","1.6","0.5","0.3","0.8","0.0","0"
"*02ng3*","Khris Middleton","WAS","SF,PF,F","","320","FA","","330.88","8.27","3.5","1.0","0.2","8.7","2.9","3.2","0.5","0.2","1.3","0.0","0"
"*04ewc*","Zach Collins","CHI","PF,F,C","","321","FA","","328.32","8.21","3.5","0.6","0.5","8.6","4.1","2.2","0.4","0.6","1.5","0.0","0"
"*05qtk*","Vit Krejci","POR","PG,SG,G,SF,F","","322","FA","","326.28","5.44","2.1","0.9","0.2","5.8","1.8","1.6","0.5","0.2","0.6","0.0","0"
"*076t1*","Dailyn Swain","CHI","SG,G","R","323","FA","","322.6","6.45","3.0","0.9","0.3","7.1","2.6","1.5","0.5","0.3","0.8","0.0","0"
"*076te*","Kingston Flemings","ATL","PG,G","R","324","FA","","315.7","6.31","2.9","0.9","0.2","6.9","1.8","2.4","0.5","0.2","0.9","0.0","0"
"*06y3q*","Ryan Nembhard","ATL","PG,G","","325","FA","","314.05","6.28","2.9","0.9","0.2","6.9","1.7","2.3","0.5","0.3","0.9","0.0","0"
"*051p2*","Grant Williams","CHA","PF,F","","326","FA","","312.2","6.24","2.7","1.0","0.3","6.6","2.6","1.6","0.4","0.3","0.8","0.0","0"
"*06v5j*","Jase Richardson","ORL","SG,G","","327","FA","","310.38","5.17","2.6","0.9","0.2","5.8","1.9","1.4","0.4","0.3","0.7","0.0","0"
"*06v5e*","Yang Hansen","POR","C","","328","FA","","305.76","5.1","1.4","0.2","0.3","4.5","3.1","0.8","0.3","0.5","0.6","0.0","0"
"*03ad5*","Trey Lyles","MIN","PF,F","","329","FA","","304.7","6.09","2.5","1.0","0.3","6.0","3.3","1.0","0.3","0.3","0.6","0.0","0"
"*076su*","Aday Mara","OKC","C","R","330","FA","@SA Tue 6:30PM","299.65","6.66","1.8","0.2","0.4","5.8","4.0","1.0","0.4","0.6","0.7","0.0","0"
"*06v7y*","Noah Penda","ORL","SF,F","","331","FA","","293.1","4.89","2.2","0.7","0.2","5.3","1.9","1.1","0.4","0.2","0.5","0.0","0"
"*06228*","Josh Minott","BKN","SF,PF,F,C","","332","FA","","292.55","5.85","2.1","0.5","0.2","5.3","2.5","1.2","0.6","0.5","0.4","0.0","0"
"*06v5t*","Ben Saraf","BKN","SG,G","","333","FA","","292","5.84","2.7","0.8","0.2","6.4","1.6","2.1","0.5","0.3","0.8","0.0","0"
"*06218*","Jeremy Sochan","POR","PF,F,C","","334","FA","","291.6","5.83","2.8","0.5","0.2","5.7","3.1","1.5","0.4","0.3","0.9","0.0","0"
"*04qs9*","Jevon Carter","ORL","PG,G","","335","FA","","282.9","4.71","3.2","1.1","0.2","6.0","0.9","1.3","0.5","0.2","0.5","0.0","0"
"*04qsn*","Svi Mykhailiuk","UTA","SF,F","","336","FA","","280.72","7.02","3.7","1.6","0.3","8.0","2.4","1.5","0.7","0.2","0.7","0.0","0"
"*06cc2*","Gradey Dick","LAC","SG,G,SF,F","","337","FA","","278.11","3.97","2.6","0.9","0.1","5.5","1.4","0.7","0.4","0.0","0.5","0.0","0"
"*042nf*","Caris LeVert","MIL","SG,G,SF,F","","338","FA","","273.45","5.47","2.8","0.6","0.3","5.6","1.7","2.1","0.5","0.2","0.7","0.0","0"
"*076t3*","Karim Lopez","MEM","SF,F","R","339","FA","","270.75","5.42","2.1","0.5","0.3","5.5","2.7","1.0","0.4","0.3","0.6","0.0","0"
"*076sw*","Labaron Philon","PHI","PG,G","R","340","FA","@NY Tue 4:00PM","269.85","5.4","2.5","0.7","0.1","5.9","1.5","2.0","0.4","0.1","0.7","0.0","0"
"*051p0*","Matisse Thybulle","LAL","SG,G,SF,F","","341","FA","","267.8","5.36","2.3","0.8","0.2","4.5","1.5","1.0","1.2","0.5","0.4","0.0","0"
"*07215*","Moussa Cisse","DAL","C","","342","FA","","264.38","5.88","1.6","0.2","0.3","5.4","3.6","1.0","0.2","0.5","0.7","0.0","0"
"*05uio*","Moses Moody","GS","SG,G,SF,F","","343","FA","","263.94","8.8","4.4","1.4","0.3","10.0","3.8","1.2","0.8","0.5","0.8","0.0","0"
"*05quh*","Zeke Nnaji","DEN","PF,F,C","","344","FA","","262.25","5.25","1.8","0.2","0.4","4.6","2.8","0.7","0.3","0.9","0.7","0.0","0"
"*06mk2*","Cody Williams","MIN","SG,G","","345","FA","","256.35","4.66","2.2","0.7","0.2","5.3","2.0","0.9","0.4","0.1","0.6","0.0","0"
"*076ti*","Hannes Steinbach","CHA","PF,F","R","346","FA","","256.05","5.12","1.4","0.2","0.3","4.5","3.1","0.8","0.3","0.5","0.5","0.0","0"
"*04qrx*","Josh Okogie","UTA","SG,G,SF,F","","347","FA","","253.14","4.22","1.5","0.4","0.3","3.6","1.9","0.8","0.6","0.3","0.5","0.0","0"
"*06ccu*","Tristan Vukcevic","WAS","C","","348","FA","","246.64","6.17","2.7","0.8","0.3","6.2","3.0","1.1","0.4","0.5","0.6","0.0","0"
"*03e6u*","Bogdan Bogdanovic","HOU","SG,G,SF,F","","349","FA","","246.32","6.16","3.6","1.4","0.1","7.6","1.7","1.5","0.6","0.2","0.7","0.0","0"
"*06v8e*","Javon Small","MEM","PG,G","","350","FA","","245.44","6.14","3.0","1.0","0.2","6.7","2.1","1.8","0.6","0.3","0.9","0.0","0"
"*06ccv*","Trayce Jackson-Davis","TOR","C","","351","FA","","243.63","5.41","1.0","0.0","0.5","4.7","3.0","0.7","0.3","0.7","0.4","0.0","0"
"*06cdh*","GG Jackson","MEM","SF,PF,F","","352","FA","","241.44","6.04","3.6","1.2","0.5","8.2","2.4","0.8","0.3","0.3","0.8","0.0","0"
"*042n3*","Buddy Hield","ATL","PG,SG,G,SF,F","","353","FA","","239.04","5.31","2.8","1.2","0.1","6.1","1.6","1.4","0.4","0.3","0.6","0.0","0"
"*0015e*","Mike Conley","BOS","PG,G","","354","FA","@DET Tue 12:00PM","228.48","5.71","2.2","1.0","0.1","5.2","1.3","2.7","0.5","0.1","0.6","0.0","0"
"*06v8f*","Tyrese Proctor","CLE","PG,G","","355","FA","","225.25","4.51","2.2","0.7","0.1","4.9","1.5","1.3","0.4","0.2","0.7","0.0","0"
"*0621e*","Mark Williams","PHO","C","","356","FA","","217.14","10.86","2.2","0.0","0.7","9.3","7.2","0.8","0.7","0.8","0.7","0.0","0"
"*04qse*","Gary Trent","MIL","SG,G,SF,F","","357","FA","","214.12","5.35","3.4","1.3","0.1","7.1","1.4","0.9","0.6","0.1","0.3","0.0","0"
"*06ccg*","Marcus Sasser","DAL","PG,G","","358","FA","","211.15","4.22","2.4","0.7","0.1","4.7","1.0","1.8","0.4","0.1","0.7","0.0","0"
"*06mjy*","Tidjane Salaun","CHA","PF,F","","359","FA","","211.08","5.28","2.1","0.5","0.3","5.5","2.7","0.9","0.3","0.3","0.6","0.0","0"
"*06mlh*","Johnny Furphy","IND","SG,G,SF,F","","360","FA","","208.88","5.22","2.4","0.8","0.2","5.8","2.2","1.0","0.4","0.2","0.5","0.0","0"
"*06v82*","Adou Thiero","LAL","SF,PF,F","","361","FA","","197.3","3.95","2.0","0.7","0.1","4.4","1.4","1.1","0.3","0.1","0.5","0.0","0"
"*06mke*","DaRon Holmes","DEN","PF,F,C","","362","FA","","195.52","4.89","2.1","0.5","1.1","4.7","2.7","1.0","0.3","0.3","0.6","0.0","0"
"*06q2e*","Jamison Battle","TOR","SF,PF,F","","363","FA","","193.5","3.87","1.6","0.4","0.2","4.2","2.0","0.8","0.2","0.2","0.6","0.0","0"
"*064q6*","Daeqwon Plowden","SAC","SG,G,SF,F","","364","FA","","192.27","6.41","3.0","0.9","0.3","7.1","2.4","1.6","0.4","0.4","0.8","0.0","0"
"*06mk9*","Dalton Knecht","LAL","SG,G,SF,F","","365","FA","","192.25","3.85","2.0","0.7","0.1","4.4","1.3","1.0","0.3","0.1","0.5","0.0","0"
"*06223*","Bryce McGowens","NO","SG,G","","366","FA","","187.92","4.18","2.1","0.5","0.3","4.9","1.7","0.8","0.3","0.2","0.5","0.0","0"
"*06mlg*","Tyler Kolek","NY","PG,G","","367","FA","PHI Tue 4:00PM","184.8","4.62","2.1","0.6","0.1","4.9","1.4","1.6","0.4","0.2","0.6","0.0","0"
"*076sz*","Sergio De Larrea","DAL","PG,G","R","368","FA","","177.28","4.43","2.1","0.6","0.2","4.9","1.8","1.0","0.3","0.2","0.5","0.0","0"
"*06mm4*","Ariel Hukporti","PHI","C","","369","FA","@NY Tue 4:00PM","176.6","4.42","1.2","0.2","0.3","4.0","2.7","0.6","0.2","0.4","0.5","0.0","0"
"*03r7l*","Larry Nance","IND","PF,F,C","","370","FA","","172.04","4.3","0.9","0.2","0.1","3.1","2.5","1.0","0.5","0.2","0.4","0.0","0"
"*05uis*","Tre Mann","WAS","PG,G","","371","FA","","166.04","4.15","1.7","0.5","0.2","3.9","1.5","1.6","0.5","0.1","0.7","0.0","0"
"*06ca9*","Jordan Hawkins","MEM","SG,G","","372","FA","","164.8","4.12","2.9","1.1","0.1","5.5","1.5","0.7","0.2","0.1","0.4","0.0","0"
"*076tf*","Chris Cenac","BOS","PF,F","R","373","FA","@DET Tue 12:00PM","164.36","4.11","1.1","0.1","0.2","3.6","2.5","0.6","0.2","0.4","0.4","0.0","0"
"*0621a*","Ousmane Dieng","MIL","PF,F,C","","374","FA","","155.76","3.89","2.1","0.7","0.1","4.4","1.6","1.0","0.3","0.1","0.6","0.0","0"
"*05ujw*","Jericho Sims","MIL","C","","375","FA","","151.06","4.32","0.7","0.0","0.3","3.0","3.1","0.5","0.2","0.4","0.4","0.0","0"
"*05wqp*","Micah Potter","POR","PF,F,C","","376","FA","","150.68","3.77","1.4","0.4","0.1","3.5","2.0","0.6","0.3","0.2","0.3","0.0","0"
"*076t5*","Alex Karaban","SAC","SF,F","R","377","FA","","144.72","3.62","1.4","0.4","0.2","3.7","1.8","0.7","0.3","0.2","0.4","0.0","0"
"*05uip*","Corey Kispert","ATL","SG,G,SF,PF,F","","378","FA","","144.6","3.62","2.0","0.9","0.2","5.1","1.1","0.6","0.2","0.1","0.5","0.0","0"
"*05qti*","Josh Green","UTA","SG,G,SF,F","","379","FA","","144.6","2.89","1.2","0.5","0.1","3.1","1.1","0.8","0.3","0.1","0.3","0.0","0"
"*06233*","Ron Harper","BOS","SF,F","","380","FA","@DET Tue 12:00PM","141.16","3.53","1.7","0.5","0.1","4.0","1.5","0.8","0.2","0.1","0.5","0.0","0"
"*055qo*","Caleb Martin","DAL","SF,F","","381","FA","","140.6","3.51","1.7","0.5","0.1","3.8","1.6","0.8","0.3","0.2","0.5","0.0","0"
"*06v5c*","Asa Newell","ATL","PF,F","","382","FA","","139.44","3.98","1.6","0.4","0.2","4.2","2.0","0.8","0.3","0.3","0.5","0.0","0"
"*064tp*","Quenton Jackson","IND","PG,G","","383","FA","","136.08","4.54","2.4","0.8","0.2","5.3","1.2","1.2","0.5","0.2","0.5","0.0","0"
"*043ib*","Dorian Finney-Smith","CHA","SF,PF,F","","384","FA","","133.88","3.35","1.6","0.6","0.1","3.3","1.6","0.6","0.3","0.2","0.3","0.0","0"
"*06mmi*","Branden Carlson","POR","C","","385","FA","","131.6","3.29","1.0","0.1","0.2","3.1","2.1","0.4","0.1","0.3","0.4","0.0","0"
"*06v83*","Chaz Lanier","DET","SG,G","","386","FA","BOS Tue 12:00PM","127.36","3.18","1.6","0.5","0.1","3.6","1.2","0.9","0.3","0.1","0.5","0.0","0"
"*076uj*","Emanuel Sharp","SAC","SG,G","R","387","FA","","127.36","3.18","1.6","0.5","0.1","3.6","1.1","0.9","0.3","0.1","0.4","0.0","0"
"*076tg*","Koa Peat","PHO","PF,F","R","388","FA","","127.2","3.18","1.3","0.3","0.2","3.2","1.6","0.6","0.2","0.2","0.3","0.0","0"
"*06cc9*","Olivier-Maxence Prosper","MEM","PF,F","","389","FA","","123.6","4.12","1.8","0.4","0.4","3.8","2.4","0.8","0.3","0.1","0.3","0.0","0"
"*042n8*","Taurean Prince","DET","SG,G,SF,F","","390","FA","BOS Tue 12:00PM","121.71","4.06","2.0","0.8","0.2","4.6","1.5","0.8","0.4","0.2","0.4","0.0","0"
"*06ccw*","Jordan Miller","LAC","SF,F","","391","FA","","121.3","6.06","2.9","0.8","0.3","7.3","2.7","0.8","0.7","0.2","0.9","0.0","0"
"*076u4*","Meleek Thomas","CLE","SG,G","R","392","FA","","119.28","3.98","2.0","0.7","0.1","4.4","1.4","1.1","0.3","0.1","0.5","0.0","0"
"*06mk4*","Nikola Topic","OKC","PG,G","","393","FA","@SA Tue 6:30PM","114.12","5.71","2.9","0.9","1.2","5.9","1.8","2.3","0.5","0.2","0.9","0.0","0"
"*06cef*","Oscar Tshiebwe","HOU","C","","394","FA","","111.4","5.57","1.9","0.2","0.3","5.0","3.6","0.5","0.3","0.3","0.2","0.0","0"
"*06220*","Jaden Hardy","LAL","PG,SG,G","","395","FA","","110.1","3.67","2.5","0.8","0.1","4.9","1.1","1.0","0.2","0.1","0.5","0.0","0"
"*076u3*","Bruce Thornton","HOU","PG,G","R","396","FA","","108.27","3.61","1.7","0.5","0.1","3.9","1.0","1.4","0.3","0.1","0.5","0.0","0"
"*05qve*","Jae'Sean Tate","HOU","SF,F","","397","FA","","107.2","2.68","1.0","0.2","0.1","2.3","1.5","0.5","0.3","0.1","0.3","0.0","0"
"*06mk5*","Devin Carter","BOS","PG,G","","398","FA","@DET Tue 12:00PM","103.74","3.46","1.7","0.5","0.1","3.9","1.1","1.2","0.3","0.1","0.6","0.0","0"
"*05293*","John Konchar","NY","SG,G","","399","FA","PHI Tue 4:00PM","96.69","3.22","0.9","0.3","0.1","2.0","1.8","0.8","0.4","0.3","0.3","0.0","0"
"*03ad7*","Kevon Looney","LAL","C","","400","FA","","95.08","4.75","0.8","0.0","0.3","3.0","3.5","1.1","0.2","0.2","0.4","0.0","0"
"*06mkh*","Pacome Dadiet","NY","SG,G","","401","FA","PHI Tue 4:00PM","90.12","2.25","1.1","0.3","0.1","2.7","1.0","0.5","0.1","0.1","0.4","0.0","0"
"*0633h*","Pat Spencer","PHO","PG,G","","402","FA","","81.46","4.07","1.9","0.6","0.1","4.3","1.4","1.2","0.4","0.2","0.6","0.0","0"
"*06mm1*","Bronny James","LAL","PG,SG,G","","403","FA","","78.06","2.6","1.3","0.4","0.1","2.9","0.8","0.9","0.2","0.1","0.4","0.0","0"
"*06z61*","Myron Gardner","MIA","SF,F","","404","FA","","76.68","2.56","1.1","0.3","0.1","2.7","1.0","0.6","0.2","0.1","0.2","0.0","0"
"*0661b*","Jamal Cain","ORL","SG,G,SF,F","","405","FA","","74.78","3.74","1.7","0.5","0.2","4.0","1.4","0.7","0.4","0.2","0.3","0.0","0"
"*06cd2*","Rayan Rupert","PHI","SG,G","","406","FA","@NY Tue 4:00PM","73.65","2.46","1.2","0.4","0.1","2.5","1.2","0.8","0.2","0.0","0.4","0.0","0"
"*076ty*","Baba Miller","LAC","SF,F","R","407","FA","","72.36","3.62","1.4","0.4","0.2","3.7","1.8","0.7","0.3","0.2","0.4","0.0","0"
"*076t8*","Jayden Quaintance","SA","PF,F","R","408","FA","OKC Tue 6:30PM","72.36","3.62","1.4","0.4","0.2","3.7","1.8","0.7","0.3","0.2","0.4","0.0","0"
"*0622k*","Jabari Walker","PHI","SF,PF,F,C","","409","FA","@NY Tue 4:00PM","66.46","3.32","1.3","0.2","0.2","3.0","2.4","0.4","0.2","0.1","0.3","0.0","0"
"*07243*","L.J. Cryer","GS","PG,SG,G","","410","FA","","63.02","3.15","1.5","0.4","0.1","3.4","0.8","1.1","0.3","0.1","0.4","0.0","0"
"*06pvs*","Malevy Leons","GS","SF,F","","411","FA","","61.78","3.09","1.3","0.3","0.1","3.2","1.5","0.6","0.3","0.1","0.4","0.0","0"
"*06mls*","Cam Christie","LAC","SG,G","","412","FA","","58.89","1.96","1.0","0.3","0.1","2.2","0.7","0.5","0.2","0.1","0.3","0.0","0"
"*076tz*","Trevon Brazile","DEN","PF,F","R","413","FA","","54","1.35","0.5","0.1","0.1","1.4","0.7","0.2","0.1","0.1","0.1","0.0","0"
"*04ewb*","Jonathan Isaac","ORL","PF,F","","414","FA","","52.6","2.63","0.7","0.2","0.1","2.2","1.4","0.2","0.2","0.4","0.2","0.0","0"
"*06mm5*","PJ Hall","CHA","C","","415","FA","","52.56","2.63","0.7","0.1","0.1","2.2","1.5","0.4","0.2","0.3","0.3","0.0","0"
"*078z1*","Nate Bittle","TOR","C","","416","FA","","51.4","2.57","0.7","0.1","0.1","2.2","1.5","0.4","0.1","0.2","0.3","0.0","0"
"*076ut*","Carson Cooper","MEM","C","R","417","FA","","51.4","2.57","0.7","0.1","0.1","2.2","1.5","0.4","0.1","0.2","0.3","0.0","0"
"*06222*","Khalifa Diop","CLE","C","R","418","FA","","51.4","2.57","0.7","0.1","0.1","2.2","1.5","0.4","0.1","0.2","0.3","0.0","0"
"*0558u*","Tacko Fall","(N/A)","C","","419","FA","","51.4","2.57","0.7","0.1","0.1","2.2","1.5","0.4","0.1","0.2","0.3","0.0","0"
"*076u9*","Izaiyah Nelson","ORL","PF,F","R","420","FA","","51.4","2.57","0.7","0.1","0.1","2.2","1.5","0.4","0.1","0.2","0.3","0.0","0"
"*076tt*","Ugonna Onyenso","DET","C","R","421","FA","BOS Tue 12:00PM","51.4","2.57","0.7","0.1","0.1","2.2","1.5","0.4","0.1","0.2","0.3","0.0","0"
"*06nz5*","Jamarion Sharp","LAC","C","","422","FA","","51.4","2.57","0.7","0.1","0.1","2.2","1.5","0.4","0.1","0.2","0.3","0.0","0"
"*076v0*","Ernest Udeh","CLE","C","R","423","FA","","51.4","2.57","0.7","0.1","0.1","2.2","1.5","0.4","0.1","0.2","0.3","0.0","0"
"*076u1*","Henri Veesaar","ATL","C","R","424","FA","","51.4","2.57","0.7","0.1","0.1","2.2","1.5","0.4","0.1","0.2","0.3","0.0","0"
"*06v81*","Johni Broome","LAC","PF,F,C","","425","FA","","50.32","2.52","0.7","0.1","0.1","2.2","1.5","0.4","0.1","0.2","0.3","0.0","0"
"*005l3*","DeAndre Jordan","NO","C","","426","FA","","49.92","2.5","0.5","0.0","0.2","1.9","1.8","0.4","0.1","0.2","0.3","0.0","0"
"*03lg1*","Ben Simmons","SAC","PG,SG,G","","427","FA","","49.54","2.48","0.6","0.1","0.1","1.6","1.3","1.1","0.2","0.1","0.3","0.0","0"
"*049kf*","Mo Bamba","UTA","C","","428","FA","","49.36","2.47","0.7","0.2","0.1","1.8","1.6","0.3","0.2","0.3","0.3","0.0","0"
"*0621w*","Christian Koloko","NO","C","","429","FA","","49.36","2.47","0.7","0.1","0.1","2.2","1.5","0.4","0.1","0.2","0.3","0.0","0"
"*06vxy*","Vladislav Goldin","MIA","C","","430","FA","","49.16","2.46","0.7","0.1","0.1","2.2","1.5","0.4","0.1","0.2","0.3","0.0","0"
"*06v8c*","Amari Williams","BOS","PF,F,C","","431","FA","@DET Tue 12:00PM","49.16","2.46","0.7","0.1","0.1","2.2","1.5","0.4","0.1","0.2","0.3","0.0","0"
"*06v8b*","Rocco Zikarsky","MIN","C","","432","FA","","49.16","2.46","0.7","0.1","0.1","2.2","1.5","0.4","0.1","0.2","0.3","0.0","0"
"*0623l*","Jamaree Bouyea","PHO","PG,G","","433","FA","","48.76","2.44","1.4","0.3","0.1","2.8","1.1","0.8","0.1","0.1","0.6","0.0","0"
"*03ad4*","D'Angelo Russell","MEM","PG,G","","434","FA","","47.96","2.4","1.2","0.5","0.1","2.8","0.5","0.9","0.1","0.1","0.3","0.0","0"
"*076tq*","Ryan Conwell","MIA","SG,G","R","435","FA","","47.76","1.59","0.8","0.3","0.1","1.8","0.6","0.4","0.1","0.1","0.2","0.0","0"
"*076ud*","Isaiah Evans","MIN","SG,G","R","436","FA","","47.76","1.59","0.8","0.3","0.1","1.8","0.6","0.4","0.1","0.1","0.2","0.0","0"
"*0622g*","JD Davison","ORL","PG,G","","437","FA","","47.36","2.37","1.1","0.4","0.1","2.6","0.6","0.8","0.3","0.0","0.3","0.0","0"
"*06ca4*","Kobe Bufkin","NO","SG,G","","438","FA","","46.92","2.35","1.2","0.3","0.1","2.5","0.7","0.8","0.2","0.1","0.3","0.0","0"
"*06qdz*","Elijah Harkless","DET","SG,G","","439","FA","BOS Tue 12:00PM","46.44","2.32","1.1","0.3","0.1","2.5","0.7","0.8","0.2","0.1","0.3","0.0","0"
"*06pvy*","Yuki Kawamura","LAC","PG,G","","440","FA","","46.14","2.31","1.1","0.3","0.1","2.5","0.7","0.8","0.2","0.1","0.3","0.0","0"
"*042np*","Skal Labissiere","(N/A)","PF,F,C","","441","FA","","45.84","2.29","0.9","0.2","0.1","2.3","1.1","0.4","0.2","0.1","0.2","0.0","0"
"*06pu0*","Emanuel Miller","(N/A)","PF,F","","442","FA","","45.84","2.29","0.9","0.2","0.1","2.3","1.1","0.4","0.2","0.1","0.2","0.0","0"
"*06cdi*","Tarik Biberovic","DAL","SF,F","R","443","FA","","45.56","2.28","0.9","0.2","0.1","2.3","1.1","0.4","0.2","0.1","0.3","0.0","0"
"*076uf*","Tyler Bilodeau","BKN","PF,F","R","444","FA","","45.56","2.28","0.9","0.2","0.1","2.3","1.1","0.4","0.2","0.1","0.3","0.0","0"
"*065vc*","John Butler","MIL","C","","445","FA","","45.56","2.28","0.9","0.2","0.1","2.3","1.1","0.4","0.2","0.1","0.3","0.0","0"
"*076uq*","Rafael Castro","HOU","C","R","446","FA","","45.56","2.28","0.9","0.2","0.1","2.3","1.1","0.4","0.2","0.1","0.3","0.0","0"
"*078v3*","Malik Dia","NO","PF,F","R","447","FA","","45.56","2.28","0.9","0.2","0.1","2.3","1.1","0.4","0.2","0.1","0.3","0.0","0"
"*06z7t*","Arthur Kaluma","LAL","SF,PF,F","R","448","FA","","45.56","2.28","0.9","0.2","0.1","2.3","1.1","0.4","0.2","0.1","0.3","0.0","0"
"*076ue*","Trey Kaufman-Renn","MIN","PF,F","R","449","FA","","45.56","2.28","0.9","0.2","0.1","2.3","1.1","0.4","0.2","0.1","0.3","0.0","0"
"*076ub*","Tobi Lawal","DAL","PF,F","R","450","FA","","45.56","2.28","0.9","0.2","0.1","2.3","1.1","0.4","0.2","0.1","0.3","0.0","0"
"*06v8d*","Bogoljub Markovic","MIL","PF,F","R","451","FA","","45.56","2.28","0.9","0.2","0.1","2.3","1.1","0.4","0.2","0.1","0.3","0.0","0"
"*0723h*","Igor Milicic","NY","SF,PF,F","R","452","FA","PHI Tue 4:00PM","45.56","2.28","0.9","0.2","0.1","2.3","1.1","0.4","0.2","0.1","0.3","0.0","0"
"*076u2*","Dillon Mitchell","BOS","SF,F","R","453","FA","@DET Tue 12:00PM","45.56","2.28","0.9","0.2","0.1","2.3","1.1","0.4","0.2","0.1","0.3","0.0","0"
"*073o8*","Grant Nelson","BKN","SF,PF,F","","454","FA","","45.56","2.28","0.9","0.2","0.1","2.3","1.1","0.4","0.2","0.1","0.3","0.0","0"
"*076tu*","Felix Okpara","WAS","C","R","455","FA","","45.56","2.28","0.9","0.2","0.1","2.3","1.1","0.4","0.2","0.1","0.3","0.0","0"
"*06v5i*","Thomas Sorber","OKC","PF,F,C","","456","FA","@SA Tue 6:30PM","45.56","2.28","0.9","0.2","0.1","2.3","1.1","0.4","0.2","0.2","0.3","0.0","0"
"*06v5u*","Noa Essengue","CHI","PF,F","","457","FA","","45.38","2.27","0.9","0.2","0.1","2.3","1.1","0.4","0.2","0.1","0.3","0.0","0"
"*04qru*","Donte DiVincenzo","MIN","PG,SG,G","","458","FA","","45.34","2.27","1.3","0.6","0.1","2.8","0.6","0.5","0.2","0.1","0.2","0.0","0"
"*06y0j*","Tamar Bates","UTA","SG,G","","459","FA","","45.16","2.26","1.1","0.3","0.1","2.5","0.6","0.8","0.2","0.1","0.3","0.0","0"
"*076wf*","Kylan Boswell","CHA","PG,G","R","460","FA","","45.16","2.26","1.1","0.3","0.1","2.5","0.6","0.8","0.2","0.1","0.3","0.0","0"
"*076tv*","Jaden Bradley","TOR","PG,G","R","461","FA","","45.16","2.26","1.1","0.3","0.1","2.5","0.6","0.8","0.2","0.1","0.3","0.0","0"
"*078ev*","Terrell Brown","UTA","PG,SG,G","R","462","FA","","45.16","2.26","1.1","0.3","0.1","2.5","0.6","0.8","0.2","0.1","0.3","0.0","0"
"*076tp*","Tre Donaldson","MIA","PG,SG,G","R","463","FA","","45.16","2.26","1.1","0.3","0.1","2.5","0.6","0.8","0.2","0.1","0.3","0.0","0"
"*07234*","Keshon Gilbert","ATL","SG,G","","464","FA","","45.16","2.26","1.1","0.3","0.1","2.5","0.6","0.8","0.2","0.1","0.3","0.0","0"
"*076uk*","Ja'Kobi Gillespie","SA","PG,G","R","465","FA","OKC Tue 6:30PM","45.16","2.26","1.1","0.3","0.1","2.5","0.6","0.8","0.2","0.1","0.3","0.0","0"
"*074sv*","Hayden Gray","UTA","SG,G","","466","FA","","45.16","2.26","1.1","0.3","0.1","2.5","0.6","0.8","0.2","0.1","0.3","0.0","0"
"*079za*","Caleb Grill","BOS","PG,SG,G","","467","FA","@DET Tue 12:00PM","45.16","2.26","1.1","0.3","0.1","2.5","0.6","0.8","0.2","0.1","0.3","0.0","0"
"*076uc*","Vsevolod Ishchenko","DAL","SG,G","R","468","FA","","45.16","2.26","1.1","0.3","0.1","2.5","0.6","0.8","0.2","0.1","0.3","0.0","0"
"*07401*","Bez Mbeng","CHA","SG,G","","469","FA","","45.16","2.26","1.1","0.3","0.1","2.5","0.6","0.8","0.2","0.1","0.3","0.0","0"
"*05uuu*","Mac McClung","(N/A)","SG,G","","470","FA","","45.16","2.26","1.1","0.3","0.1","2.5","0.6","0.8","0.2","0.1","0.3","0.0","0"
"*06moh*","Jameer Nelson","(N/A)","PG,SG,G","","471","FA","","45.16","2.26","1.1","0.3","0.1","2.5","0.6","0.8","0.2","0.1","0.3","0.0","0"
"*076t4*","Ebuka Okorie","DET","PG,G","R","472","FA","BOS Tue 12:00PM","45.16","2.26","1.1","0.3","0.1","2.5","0.6","0.8","0.2","0.1","0.3","0.0","0"
"*03e6m*","Elfrid Payton","SAC","PG,G","","473","FA","","45.16","2.26","1.1","0.3","0.1","2.5","0.6","0.8","0.2","0.1","0.3","0.0","0"
"*06mmr*","Zyon Pullin","MIN","SG,G","","474","FA","","45.16","2.26","1.1","0.3","0.1","2.5","0.6","0.8","0.2","0.1","0.3","0.0","0"
"*076u6*","Braden Smith","IND","PG,G","R","475","FA","","45.16","2.26","1.1","0.3","0.1","2.5","0.6","0.8","0.2","0.1","0.3","0.0","0"
"*065b9*","Lucas Williamson","(N/A)","PG,SG,G","","476","FA","","45.16","2.26","1.1","0.3","0.1","2.5","0.6","0.8","0.2","0.1","0.3","0.0","0"
"*06vy2*","Chucky Hepburn","TOR","PG,G","","477","FA","","45.14","2.26","1.1","0.3","0.1","2.5","0.6","0.8","0.2","0.1","0.3","0.0","0"
"*06v84*","Kam Jones","MIL","PG,SG,G","","478","FA","","45.14","2.26","1.1","0.3","0.1","2.5","0.6","0.8","0.2","0.1","0.3","0.0","0"
"*06z4q*","Chris Manon","LAL","SG,G","","479","FA","","45.14","2.26","1.1","0.3","0.1","2.5","0.6","0.8","0.2","0.1","0.3","0.0","0"
"*072ae*","Sean Pedulla","HOU","PG,G","","480","FA","","45.14","2.26","1.1","0.3","0.1","2.5","0.6","0.8","0.2","0.1","0.3","0.0","0"
"*05qu1*","James Wiseman","NY","C","","481","FA","PHI Tue 4:00PM","44.92","2.25","0.5","0.0","0.1","2.1","1.5","0.3","0.1","0.2","0.3","0.0","0"
"*062do*","Tyson Etienne","BKN","PG,G","","482","FA","","44.68","2.23","1.1","0.3","0.1","2.5","0.6","0.8","0.2","0.0","0.3","0.0","0"
"*06mlw*","Enrique Freeman","MIN","PF,F","","483","FA","","44.32","2.22","0.9","0.2","0.1","2.3","1.1","0.4","0.2","0.1","0.3","0.0","0"
"*06y4e*","CJ Huntley","PHO","SF,F","","484","FA","","44.32","2.22","0.9","0.2","0.1","2.3","1.1","0.4","0.2","0.1","0.3","0.0","0"
"*0722s*","Chaney Johnson","BKN","SF,PF,F","","485","FA","","44.32","2.22","0.9","0.2","0.1","2.3","1.1","0.4","0.2","0.1","0.3","0.0","0"
"*06mor*","David Jones Garcia","SA","SF,F","","486","FA","OKC Tue 6:30PM","44.32","2.22","0.9","0.2","0.1","2.3","1.1","0.4","0.2","0.1","0.3","0.0","0"
"*06mld*","Jonathan Mogbo","SAC","PF,F,C","","487","FA","","44.16","2.21","0.9","0.2","0.1","2.3","1.1","0.3","0.2","0.2","0.3","0.0","0"
"*05uuv*","Trendon Watford","NO","PG,SG,G,PF,F","","488","FA","","43.92","2.2","0.9","0.2","0.1","2.6","1.1","0.4","0.1","0.1","0.4","0.0","0"
"*0623h*","Alondes Williams","WAS","SG,G","","489","FA","","43.86","2.19","1.1","0.3","0.1","2.4","0.6","0.8","0.2","0.1","0.3","0.0","0"
"*05y9y*","Brandon Williams","GS","PG,G","","490","FA","","43.74","2.19","1.1","0.3","0.2","2.4","0.6","0.9","0.2","0.1","0.4","0.0","0"
"*05qtd*","Nick Richards","MIA","C","","491","FA","","43.64","2.18","0.4","0.0","0.1","1.9","1.5","0.1","0.1","0.2","0.2","0.0","0"
"*0723c*","John Poulakidas","DAL","PG,SG,G","","492","FA","","43.64","2.18","1.0","0.3","0.1","2.2","1.1","0.4","0.2","0.1","0.3","0.0","0"
"*06cc6*","Jett Howard","DAL","SF,F","","493","FA","","43.38","2.17","1.3","0.6","0.1","2.8","0.7","0.5","0.2","0.1","0.3","0.0","0"
"*06cdk*","Jalen Slawson","IND","SF,F","","494","FA","","42.72","2.14","0.8","0.2","0.1","2.2","1.1","0.4","0.2","0.1","0.3","0.0","0"
"*04xdu*","Drew Eubanks","NY","C","","495","FA","PHI Tue 4:00PM","42.64","2.13","0.4","0.0","0.1","1.6","1.4","0.3","0.1","0.3","0.3","0.0","0"
"*06prk*","Tristan Enaruna","CLE","SF,F","","496","FA","","42.6","2.13","0.9","0.3","0.1","2.2","0.8","0.5","0.2","0.1","0.2","0.0","0"
"*06hrn*","Adam Flagler","SAC","SG,G","","497","FA","","42.42","2.12","1.2","0.4","0.1","2.5","0.7","0.6","0.2","0.1","0.3","0.0","0"
"*06mm8*","Keshad Johnson","MIA","SF,F","","498","FA","","42.3","2.11","0.9","0.2","0.1","2.3","1.1","0.4","0.1","0.1","0.3","0.0","0"
"*06mki*","Dillon Jones","PHI","SF,F","","499","FA","@NY Tue 4:00PM","42.26","2.11","0.9","0.3","0.1","2.2","0.9","0.4","0.2","0.2","0.3","0.0","0"
"*05qtf*","Xavier Tillman","(N/A)","C","","500","FA","","42.18","2.11","0.8","0.1","0.2","1.6","1.1","0.4","0.3","0.2","0.2","0.0","0"
"*06gno*","Pete Nance","MIL","PF,F","","501","FA","","41.74","2.09","0.8","0.2","0.2","2.1","1.1","0.4","0.2","0.1","0.3","0.0","0"
"*06cdd*","Andre Jackson","TOR","SG,G","","502","FA","","41.31","1.38","0.4","0.1","0.1","1.1","0.8","0.4","0.1","0.0","0.2","0.0","0"
"*06mmh*","Isaac Jones","DET","PF,F","","503","FA","BOS Tue 12:00PM","41.28","2.06","0.9","0.2","0.1","2.3","1.1","0.4","0.1","0.1","0.3","0.0","0"
"*06pwq*","Tolu Smith","DET","PF,F","","504","FA","BOS Tue 12:00PM","41.26","2.06","0.9","0.2","0.5","1.9","1.1","0.4","0.2","0.1","0.3","0.0","0"
"*04qrv*","Lonnie Walker","DEN","SG,G","","505","FA","","41.26","2.06","1.4","0.5","0.1","2.8","0.7","0.3","0.2","0.1","0.3","0.0","0"
"*06v8a*","Brooks Barnhizer","OKC","SG,G","","506","FA","@SA Tue 6:30PM","41.22","2.06","1.0","0.3","0.1","2.2","0.7","0.6","0.2","0.1","0.3","0.0","0"
"*06v87*","Koby Brea","PHO","SG,G","","507","FA","","41.22","2.06","1.0","0.3","0.1","2.2","0.7","0.6","0.2","0.1","0.3","0.0","0"
"*06yzq*","Curtis Jones","DEN","SG,G","","508","FA","","41.22","2.06","1.0","0.3","0.1","2.2","0.7","0.6","0.2","0.1","0.3","0.0","0"
"*06vy3*","Caleb Love","PHI","PG,SG,G","","509","FA","@NY Tue 4:00PM","41.22","2.06","1.0","0.3","0.1","2.2","0.7","0.6","0.2","0.1","0.3","0.0","0"
"*06gsd*","Alex Morales","ORL","PG,G","","510","FA","","41.22","2.06","1.0","0.3","0.1","2.2","0.7","0.6","0.2","0.1","0.3","0.0","0"
"*06vxp*","Taelon Peter","SA","SG,G","","511","FA","OKC Tue 6:30PM","41.22","2.06","1.0","0.3","0.1","2.2","0.7","0.6","0.2","0.1","0.3","0.0","0"
"*06pvt*","Cormac Ryan","MIL","SG,G","","512","FA","","41.22","2.06","1.0","0.3","0.1","2.2","0.7","0.6","0.2","0.1","0.3","0.0","0"
"*06v8j*","John Tonje","POR","SG,G","","513","FA","","41.22","2.06","1.0","0.3","0.1","2.2","0.7","0.6","0.2","0.1","0.3","0.0","0"
"*06v89*","Jamir Watkins","WAS","SG,G,SF,F","","514","FA","","41.22","2.06","1.0","0.3","0.1","2.2","0.7","0.6","0.2","0.1","0.3","0.0","0"
"*0723f*","Chris Youngblood","POR","PG,SG,G","","515","FA","","41.22","2.06","1.0","0.3","0.1","2.2","0.7","0.6","0.2","0.1","0.3","0.0","0"
"*06mmg*","Isaiah Crawford","HOU","SF,F","","516","FA","","41.16","2.06","0.9","0.3","0.1","2.2","0.8","0.4","0.2","0.1","0.2","0.0","0"
"*06mlu*","Harrison Ingram","UTA","SF,F","","517","FA","","41.16","2.06","0.9","0.3","0.1","2.2","0.8","0.4","0.2","0.1","0.2","0.0","0"
"*06mog*","Riley Minix","CLE","SF,F","","518","FA","","41.16","2.06","0.9","0.3","0.1","2.2","0.8","0.4","0.2","0.1","0.2","0.0","0"
"*06v5o*","Liam McNeeley","CHA","SF,F","","519","FA","","40.74","2.04","0.9","0.3","0.1","2.2","0.8","0.5","0.2","0.1","0.2","0.0","0"
"*076we*","Michael Ajayi","CHA","SF,F","R","520","FA","","40.56","2.03","0.9","0.3","0.1","2.2","0.8","0.5","0.2","0.1","0.2","0.0","0"
"*076uo*","Tobe Awaka","CHI","PF,F","R","521","FA","","40.56","2.03","0.9","0.3","0.1","2.2","0.8","0.5","0.2","0.1","0.2","0.0","0"
"*076ul*","Maliq Brown","SA","PF,F","R","522","FA","OKC Tue 6:30PM","40.56","2.03","0.9","0.3","0.1","2.2","0.8","0.5","0.2","0.1","0.2","0.0","0"
"*0779m*","Alpha Diallo","DEN","SF,F","R","523","FA","","40.56","2.03","0.9","0.3","0.1","2.2","0.8","0.5","0.2","0.1","0.2","0.0","0"
"*06mmd*","Blake Hinson","UTA","SF,F","","524","FA","","40.56","2.03","0.9","0.3","0.1","2.2","0.8","0.5","0.2","0.1","0.2","0.0","0"
"*076u0*","Bryce Hopkins","DEN","SF,F","R","525","FA","","40.56","2.03","0.9","0.3","0.1","2.2","0.8","0.5","0.2","0.1","0.2","0.0","0"
"*076tw*","Nick Martinelli","LAC","SF,PF,F","R","526","FA","","40.56","2.03","0.9","0.3","0.1","2.2","0.8","0.5","0.2","0.1","0.2","0.0","0"
"*06vxq*","Jahmai Mashack","MEM","SG,G,SF,F","","527","FA","","40.56","2.03","0.9","0.3","0.1","2.2","0.8","0.5","0.2","0.1","0.2","0.0","0"
"*076ts*","Tyler Nickel","NY","SF,PF,F","R","528","FA","PHI Tue 4:00PM","40.56","2.03","0.9","0.3","0.1","2.2","0.8","0.5","0.2","0.1","0.2","0.0","0"
"*074gu*","Toby Okani","(N/A)","SF,F","","529","FA","","40.56","2.03","0.9","0.3","0.1","2.2","0.8","0.5","0.2","0.1","0.2","0.0","0"
"*076uh*","AK Okereke","LAL","SF,PF,F","R","530","FA","","40.56","2.03","0.9","0.3","0.1","2.2","0.8","0.5","0.2","0.1","0.2","0.0","0"
"*05r0c*","Tre Scott","(N/A)","PF,F","","531","FA","","40.56","2.03","0.9","0.3","0.1","2.2","0.8","0.5","0.2","0.1","0.2","0.0","0"
"*0723k*","Christian Shumate","(N/A)","SF,PF,F","","532","FA","","40.56","2.03","0.9","0.3","0.1","2.2","0.8","0.5","0.2","0.1","0.2","0.0","0"
"*07245*","Saint Thomas","(N/A)","SF,PF,F","","533","FA","","40.56","2.03","0.9","0.3","0.1","2.2","0.8","0.5","0.2","0.1","0.2","0.0","0"
"*06pw1*","RayJ Dennis","ATL","PG,G","","534","FA","","40.36","2.02","1.0","0.3","0.1","2.2","0.8","0.5","0.1","0.1","0.3","0.0","0"
"*074bu*","Adama Bal","(N/A)","SG,G","","535","FA","","40.02","2","1.0","0.3","0.1","2.2","0.7","0.6","0.2","0.1","0.3","0.0","0"
"*076um*","Quadir Copeland","HOU","PG,G","R","536","FA","","40.02","2","1.0","0.3","0.1","2.2","0.7","0.6","0.2","0.1","0.3","0.0","0"
"*076u8*","Josh Dix","OKC","SG,G","R","537","FA","@SA Tue 6:30PM","40.02","2","1.0","0.3","0.1","2.2","0.7","0.6","0.2","0.1","0.3","0.0","0"
"*03r7d*","Mario Hezonja","CLE","SG,G,SF,PF,F","","538","FA","","40.02","2","1.0","0.3","0.1","2.2","0.7","0.6","0.2","0.1","0.3","0.0","0"
"*076ua*","Lajae Jones","GS","PG,SG,G","R","539","FA","","40.02","2","1.0","0.3","0.1","2.2","0.7","0.6","0.2","0.1","0.3","0.0","0"
"*076tr*","Jack Kayil","NY","PG,G","R","540","FA","PHI Tue 4:00PM","40.02","2","1.0","0.3","0.1","2.2","0.7","0.6","0.2","0.1","0.3","0.0","0"
"*073rx*","Jayson Kent","POR","SF,F","","541","FA","","40.02","2","1.0","0.3","0.1","2.2","0.7","0.6","0.2","0.1","0.3","0.0","0"
"*07a22*","Sean McNeil","CLE","SG,G","R","542","FA","","40.02","2","1.0","0.3","0.1","2.2","0.7","0.6","0.2","0.1","0.3","0.0","0"
"*076u7*","Otega Oweh","OKC","SG,G","R","543","FA","@SA Tue 6:30PM","40.02","2","1.0","0.3","0.1","2.2","0.7","0.6","0.2","0.1","0.3","0.0","0"
"*076u5*","Jaron Pierre","NO","SG,G","R","544","FA","","40.02","2","1.0","0.3","0.1","2.2","0.7","0.6","0.2","0.1","0.3","0.0","0"
"*076ui*","Richie Saunders","MEM","SG,G","R","545","FA","","40.02","2","1.0","0.3","0.1","2.2","0.7","0.6","0.2","0.1","0.3","0.0","0"
"*076ur*","Jaylin Sellers","CHI","PG,G","R","546","FA","","40.02","2","1.0","0.3","0.1","2.2","0.7","0.6","0.2","0.1","0.3","0.0","0"
"*06hsl*","Malachi Smith","TOR","SG,G","","547","FA","","40.02","2","1.0","0.3","0.1","2.2","0.7","0.6","0.2","0.1","0.3","0.0","0"
"*06mp4*","Trey Alexander","UTA","SG,G","","548","FA","","39.62","1.98","1.0","0.3","0.1","2.2","0.7","0.5","0.2","0.1","0.3","0.0","0"
"*06mkf*","AJ Johnson","NO","PG,SG,G","","549","FA","","39.48","1.97","1.0","0.3","0.1","2.2","0.7","0.5","0.2","0.1","0.3","0.0","0"
"*06cp2*","Colin Castleton","ORL","C","","550","FA","","39.24","1.96","0.6","0.1","0.1","2.1","1.1","0.3","0.1","0.1","0.3","0.0","0"
"*06ccc*","Dariq Whitehead","(N/A)","SF,F","","551","FA","","38.86","1.94","0.9","0.3","0.1","2.1","0.7","0.5","0.2","0.1","0.2","0.0","0"
"*06him*","Trey Jemison","TOR","C","","552","FA","","38.22","1.91","0.5","0.0","0.1","1.8","1.2","0.3","0.1","0.2","0.3","0.0","0"
"*05qv9*","Anthony Gill","WAS","PF,F","","553","FA","","38.2","1.91","0.9","0.1","0.1","2.1","1.0","0.3","0.2","0.1","0.3","0.0","0"
"*04qsj*","Bruce Brown","NY","PG,SG,G","","554","FA","PHI Tue 4:00PM","37.1","1.85","0.8","0.1","0.1","1.9","0.8","0.5","0.2","0.1","0.2","0.0","0"
"*0621h*","Dalen Terry","GS","SG,G,SF,F","","555","FA","","36.9","1.85","0.7","0.2","0.1","1.5","0.8","0.6","0.2","0.1","0.2","0.0","0"
"*005l0*","Nicolas Batum","(N/A)","PF,F","","556","FA","","36.62","1.83","0.6","0.2","0.1","1.5","0.8","0.4","0.2","0.1","0.1","0.0","0"
"*04qrt*","Zhaire Smith","(N/A)","SG,G","","557","FA","","36.2","1.81","1.0","0.3","0.1","2.2","0.6","0.5","0.1","0.1","0.3","0.0","0"
"*04yk1*","Haywood Highsmith","PHO","SF,PF,F","","558","FA","","36.1","1.81","0.7","0.3","0.1","1.7","0.8","0.3","0.2","0.1","0.1","0.0","0"
"*076tj*","Joshua Jefferson","BKN","PF,F","R","559","FA","","36.04","1.8","0.7","0.2","0.1","1.9","0.9","0.3","0.1","0.1","0.2","0.0","0"
"*042o9*","Georges Niang","GS","PF,F","","560","FA","","35.94","1.8","0.9","0.4","0.0","2.2","0.8","0.3","0.1","0.1","0.2","0.0","0"
"*06mlo*","KJ Simpson","DEN","PG,G","","561","FA","","35.92","1.8","0.8","0.3","0.1","2.0","0.6","0.6","0.2","0.1","0.3","0.0","0"
"*04xhz*","Jordan McLaughlin","SA","PG,G","","562","FA","OKC Tue 6:30PM","35.22","1.76","0.6","0.3","0.1","1.5","0.5","0.7","0.2","0.1","0.1","0.0","0"
"*06ca2*","Kobe Brown","IND","PF,F","","563","FA","","34.7","1.74","0.7","0.2","0.1","1.8","0.9","0.3","0.1","0.1","0.1","0.0","0"
"*04rvx*","Deonte Burton","(N/A)","SG,G,SF,F","","564","FA","","34.68","1.73","0.9","0.3","0.1","2.2","0.7","0.4","0.2","0.0","0.4","0.0","0"
"*06cdc*","Jalen Wilson","ATL","SF,PF,F","","565","FA","","34.02","1.7","0.8","0.2","0.1","1.7","1.0","0.3","0.1","0.0","0.2","0.0","0"
"*03r7v*","Pat Connaughton","CHA","SG,G,SF,F","","566","FA","","33.88","1.69","0.6","0.3","0.1","1.5","0.7","0.5","0.1","0.1","0.1","0.0","0"
"*0621n*","MarJon Beauchamp","PHI","SG,G,SF,F","","567","FA","@NY Tue 4:00PM","33.18","1.66","0.8","0.2","0.1","1.8","0.8","0.4","0.1","0.1","0.2","0.0","0"
"*059ft*","Mychal Mulder","(N/A)","PG,G","","568","FA","","32.92","1.65","1.1","0.3","0.1","2.4","0.5","0.2","0.1","0.1","0.2","0.0","0"
"*0621j*","Malaki Branham","ORL","PG,SG,G","","569","FA","","32.7","1.63","1.1","0.3","0.1","2.3","0.5","0.5","0.1","0.0","0.3","0.0","0"
"*06ca5*","Kris Murray","MEM","SF,F","","570","FA","","32.68","1.63","0.8","0.2","0.1","1.6","0.8","0.3","0.2","0.1","0.2","0.0","0"
"*06v85*","Alijah Martin","TOR","SG,G","","571","FA","","32","1.6","0.8","0.3","0.1","1.8","0.6","0.4","0.1","0.1","0.2","0.0","0"
"*076t7*","Tarris Reed","SA","C","R","572","FA","OKC Tue 6:30PM","30.96","1.55","0.4","0.1","0.1","1.3","0.9","0.2","0.1","0.1","0.2","0.0","0"
"*0621v*","Caleb Houstan","NO","SF,F","","573","FA","","30.52","1.53","0.8","0.3","0.0","1.7","0.5","0.4","0.1","0.1","0.2","0.0","0"
"*06cdf*","Julian Phillips","HOU","SF,PF,F","","574","FA","","30.26","1.51","0.7","0.2","0.1","1.7","0.6","0.2","0.1","0.1","0.2","0.0","0"
"*03apx*","Gary Harris","DET","SG,G","","575","FA","BOS Tue 12:00PM","29.82","1.49","0.7","0.3","0.1","1.6","0.4","0.3","0.2","0.1","0.1","0.0","0"
"*0621d*","Ochai Agbaji","NY","SG,G,SF,F","","576","FA","PHI Tue 4:00PM","29.74","1.49","0.8","0.2","0.1","1.5","0.7","0.3","0.1","0.1","0.2","0.0","0"
"*076td*","Zuby Ejiofor","ATL","PF,F","R","577","FA","","27.34","1.37","0.5","0.1","0.1","1.4","0.7","0.2","0.1","0.1","0.1","0.0","0"
"*076sv*","Bennett Stirtz","OKC","PG,G","R","578","FA","@SA Tue 6:30PM","27.34","1.37","0.6","0.2","0.0","1.5","0.4","0.5","0.1","0.0","0.2","0.0","0"
"*04fkd*","Alberto Abalde","(N/A)","SF,F","","579","FA","","0","0","0","0","0","0","0","0","0","0","0","0.0","0"
"*063e4*","Awudu Abass","(N/A)","PF,F","","580","FA","","0","0","0","0","0","0","0","0","0","0","0","0.0","0"
"*06ptq*","Max Abmas","(N/A)","PG,G","","581","FA","","0","0","0","0","0","0","0","0","0","0","0","0.0","0"
"*031mi*","lex Abrines","(N/A)","SG,G,SF,F","","582","FA","","0","0","0","0","0","0","0","0","0","0","0","0.0","0"
"*02ng1*","Quincy Acy","(N/A)","SF,PF,F","","583","FA","","0","0","0","0","0","0","0","0","0","0","0","0.0","0"
"*059ch*","Jalen Adams","(N/A)","PG,G","","584","FA","","0","0","0","0","0","0","0","0","0","0","0","0.0","0"
"*04rvy*","Jaylen Adams","(N/A)","PG,G","","585","FA","","0","0","0","0","0","0","0","0","0","0","0","0.0","0"
"*03e6q*","Jordan Adams","(N/A)","SG,G","","586","FA","","0","0","0","0","0","0","0","0","0","0","0","0.0","0"
"*06238*","Jalen Adaway","(N/A)","SG,G","","587","FA","","0","0","0","0","0","0","0","0","0","0","0","0.0","0"
"*04vxy*","Deng Adel","(N/A)","C","","588","FA","","0","0","0","0","0","0","0","0","0","0","0","0.0","0"
"*06mlx*","Melvin Ajinca","(N/A)","SF,PF,F","","589","FA","","0","0","0","0","0","0","0","0","0","0","0","0.0","0"
"*06pw4*","James Akinjo","(N/A)","PG,SG,G","","590","FA","","0","0","0","0","0","0","0","0","0","0","0","0.0","0"
"*072ah*","Jaden Akins","(N/A)","SG,G","","591","FA","","0","0","0","0","0","0","0","0","0","0","0","0.0","0"
"*04uq3*","DeVaughn Akoon-Purcell","(N/A)","PG,G","","592","FA","","0","0","0","0","0","0","0","0","0","0","0","0.0","0"
"*02ngh*","Furkan Aldemir","(N/A)","PF,F","","593","FA","","0","0","0","0","0","0","0","0","0","0","0","0.0","0"
"*03acw*","Cliff Alexander","(N/A)","PF,F","","594","FA","","0","0","0","0","0","0","0","0","0","0","0","0.0","0"
"*052h3*","Kyle Alexander","(N/A)","PF,F","","595","FA","","0","0","0","0","0","0","0","0","0","0","0","0.0","0"
"*05qvw*","Ty-Shon Alexander","(N/A)","SG,G","","596","FA","","0","0","0","0","0","0","0","0","0","0","0","0.0","0"
"*04lcd*","Bryce Alford","(N/A)","PG,G","","597","FA","","0","0","0","0","0","0","0","0","0","0","0","0.0","0"
"*04sxx*","Rawle Alkins","(N/A)","SG,G","","598","FA","","0","0","0","0","0","0","0","0","0","0","0","0.0","0"
"*04exg*","Kadeem Allen","NY","SG,G","","599","FA","PHI Tue 4:00PM","0","0","0","0","0","0","0","0","0","0","0","0.0","0"
"*059z0*","Marcus Allen","(N/A)","PG,G","","600","FA","","0","0","0","0","0","0","0","0","0","0","0","0.0","0"
"*06ho3*","Timmy Allen","(N/A)","SF,F","","601","FA","","0","0","0","0","0","0","0","0","0","0","0","0.0","0"
"*05wvw*","Derrick Alston","(N/A)","SG,G,SF,F","","602","FA","","0","0","0","0","0","0","0","0","0","0","0","0.0","0"
"*06mos*","Keve Aluma","(N/A)","SF,PF,F","","603","FA","","0","0","0","0","0","0","0","0","0","0","0","0.0","0"
"*01uyk*","Al-Farouq Aminu","(N/A)","SF,PF,F","","604","FA","","0","0","0","0","0","0","0","0","0","0","0","0.0","0"
"*03nwr*","Justin Anderson","(N/A)","SG,G,SF,F","","605","FA","","0","0","0","0","0","0","0","0","0","0","0","0.0","0"
"*0480b*","Andrew Andrews","(N/A)","PG,G","","606","FA","","0","0","0","0","0","0","0","0","0","0","0","0.0","0"
"*04xgi*","Braian Angola-Rodas","(N/A)","SG,G","","607","FA","","0","0","0","0","0","0","0","0","0","0","0","0.0","0"
"*04exa*","Ike Anigbogu","(N/A)","C","","608","FA","","0","0","0","0","0","0","0","0","0","0","0","0.0","0"
"*0728q*","Alex Antetokounmpo","MIL","SF,F","","609","FA","","0","0","0","0","0","0","0","0","0","0","0","0.0","0"
"*04qt0*","Kostas Antetokounmpo","(N/A)","PF,F","","610","FA","","0","0","0","0","0","0","0","0","0","0","0","0.0","0"
"*03e7e*","Thanasis Antetokounmpo","(N/A)","SF,F","","611","FA","","0","0","0","0","0","0","0","0","0","0","0","0.0","0"
"*05qtl*","Cole Anthony","(N/A)","PG,G","","612","FA","","0","0","0","0","0","0","0","0","0","0","0","0.0","0"
"*03kqq*","Keith Appling","(N/A)","PG,G","","613","FA","","0","0","0","0","0","0","0","0","0","0","0","0.0","0"
"*043un*","Ryan Arcidiacono","(N/A)","PG,G","","614","FA","","0","0","0","0","0","0","0","0","0","0","0","0.0","0"
"*065vb*","Adonis Arms","(N/A)","SF,PF,F","","615","FA","","0","0","0","0","0","0","0","0","0","0","0","0.0","0"
"*06rph*","Taran Armstrong","(N/A)","PG,G","","616","FA","","0","0","0","0","0","0","0","0","0","0","0","0.0","0"
"*04k0p*","Jamel Artis","(N/A)","SF,F","","617","FA","","0","0","0","0","0","0","0","0","0","0","0","0.0","0"
"*03sgl*","Brandon Ashley","(N/A)","PF,F","","618","FA","","0","0","0","0","0","0","0","0","0","0","0","0.0","0"
"*03whv*","Darion Atkins","(N/A)","PF,F","","619","FA","","0","0","0","0","0","0","0","0","0","0","0","0.0","0"
"*03xmr*","Eric Atkins","(N/A)","PG,G","","620","FA","","0","0","0","0","0","0","0","0","0","0","0","0.0","0"
"*06hin*","Chase Audige","(N/A)","PG,SG,G","","621","FA","","0","0","0","0","0","0","0","0","0","0","0","0.0","0"
"*0483i*","Zach Auguste","(N/A)","PF,F","","622","FA","","0","0","0","0","0","0","0","0","0","0","0","0.0","0"
"*04a9w*","Isaiah Austin","(N/A)","C","","623","FA","","0","0","0","0","0","0","0","0","0","0","0","0.0","0"
"*0723g*","Zack Austin","(N/A)","SG,G,SF,PF,F","","624","FA","","0","0","0","0","0","0","0","0","0","0","0","0.0","0"
"*06mod*","Luke Avdalovic","(N/A)","PG,G","","625","FA","","0","0","0","0","0","0","0","0","0","0","0","0.0","0"
"*048zw*","J.J. Avila","(N/A)","SF,F","","626","FA","","0","0","0","0","0","0","0","0","0","0","0","0.0","0"
"*05uur*","Joel Ayayi","(N/A)","SG,G","","627","FA","","0","0","0","0","0","0","0","0","0","0","0","0.0","0"
"*05qu5*","Udoka Azubuike","(N/A)","C","","628","FA","","0","0","0","0","0","0","0","0","0","0","0","0.0","0"
"*059dn*","Yudai Baba","(N/A)","SF,F","","629","FA","","0","0","0","0","0","0","0","0","0","0","0","0.0","0"
"*03wr5*","Jordan Bachynski","(N/A)","C","","630","FA","","0","0","0","0","0","0","0","0","0","0","0","0.0","0"
"*04ex3*","Dwayne Bacon","(N/A)","SG,G","","631","FA","","0","0","0","0","0","0","0","0","0","0","0","0.0","0"
"*06pvx*","Armando Bacot","(N/A)","SF,PF,F,C","","632","FA","","0","0","0","0","0","0","0","0","0","0","0","0.0","0"
"*065b6*","Ibou Badji","(N/A)","C","","633","FA","","0","0","0","0","0","0","0","0","0","0","0","0.0","0"
"*06rui*","Marcus Bagley","(N/A)","SF,F","","634","FA","","0","0","0","0","0","0","0","0","0","0","0","0.0","0"
"*06cdb*","Amari Bailey","(N/A)","PG,G","","635","FA","","0","0","0","0","0","0","0","0","0","0","0","0.0","0"
"*03e7c*","Cameron Bairstow","(N/A)","PF,F,C","","636","FA","","0","0","0","0","0","0","0","0","0","0","0","0.0","0"
"*043ck*","Ron Baker","(N/A)","PG,SG,G","","637","FA","","0","0","0","0","0","0","0","0","0","0","0","0.0","0"
"*048zq*","Gracin Bakumanya","(N/A)","C","","638","FA","","0","0","0","0","0","0","0","0","0","0","0","0.0","0"
"*042nc*","Wade Baldwin IV","(N/A)","PG,G","","639","FA","","0","0","0","0","0","0","0","0","0","0","0","0.0","0"
"*0621r*","Patrick Baldwin","SAC","SF,F","","640","FA","","0","0","0","0","0","0","0","0","0","0","0","0.0","0"
"*05qz3*","LiAngelo Ball","(N/A)","SG,G","","641","FA","","0","0","0","0","0","0","0","0","0","0","0","0.0","0"
"*049ka*","Lonzo Ball","(N/A)","PG,G","","642","FA","","0","0","0","0","0","0","0","0","0","0","0","0.0","0"
"*05wql*","Mitch Ballock","(N/A)","SG,G","","643","FA","","0","0","0","0","0","0","0","0","0","0","0","0.0","0"
"*0440z*","Ondrej Balvin","(N/A)","C","","644","FA","","0","0","0","0","0","0","0","0","0","0","0","0.0","0"
"*05xo0*","James Banks","(N/A)","C","","645","FA","","0","0","0","0","0","0","0","0","0","0","0","0.0","0"
"*05ujk*","Dalano Banton","(N/A)","PG,SG,G","","646","FA","","0","0","0","0","0","0","0","0","0","0","0","0.0","0"
"*04804*","Anthony Barber","(N/A)","PG,G","","647","FA","","0","0","0","0","0","0","0","0","0","0","0","0.0","0"
"*04xhp*","Jaylen Barford","(N/A)","PG,G","","648","FA","","0","0","0","0","0","0","0","0","0","0","0","0.0","0"
"*04vy3*","Jordan Barnett","(N/A)","SF,F","","649","FA","","0","0","0","0","0","0","0","0","0","0","0","0.0","0"
"*02ng4*","Will Barton","(N/A)","SG,G","","650","FA","","0","0","0","0","0","0","0","0","0","0","0","0.0","0"
"*05ybb*","Paris Bass","(N/A)","SF,F","","651","FA","","0","0","0","0","0","0","0","0","0","0","0","0.0","0"
"*0725e*","Daniel Batcho","(N/A)","SF,PF,F","","652","FA","","0","0","0","0","0","0","0","0","0","0","0","0.0","0"
"*06cd3*","Emoni Bates","(N/A)","SF,F","","653","FA","","0","0","0","0","0","0","0","0","0","0","0","0.0","0"
"*04qso*","Keita Bates-Diop","(N/A)","SF,F","","654","FA","","0","0","0","0","0","0","0","0","0","0","0","0.0","0"
"*06mnw*","RaeQuan Battle","(N/A)","PG,SG,G","","655","FA","","0","0","0","0","0","0","0","0","0","0","0","0.0","0"
"*059vt*","Tyus Battle","(N/A)","SG,G","","656","FA","","0","0","0","0","0","0","0","0","0","0","0","0.0","0"
"*03ku0*","Kadeem Batts","(N/A)","PF,F","","657","FA","","0","0","0","0","0","0","0","0","0","0","0","0.0","0"
"*06hfb*","Damion Baugh","(N/A)","SG,G","","658","FA","","0","0","0","0","0","0","0","0","0","0","0","0.0","0"
"*05xp2*","Troy Baxter","(N/A)","SF,F","","659","FA","","0","0","0","0","0","0","0","0","0","0","0","0.0","0"
"*02qe4*","Kent Bazemore","(N/A)","SG,G,SF,F","","660","FA","","0","0","0","0","0","0","0","0","0","0","0","0.0","0"
"*051p3*","Darius Bazley","(N/A)","PF,F","","661","FA","","0","0","0","0","0","0","0","0","0","0","0","0.0","0"
"*04jw6*","V.J. Beachem","(N/A)","SF,F","","662","FA","","0","0","0","0","0","0","0","0","0","0","0","0.0","0"
"*065uu*","Justin Bean","(N/A)","SF,PF,F","","663","FA","","0","0","0","0","0","0","0","0","0","0","0","0.0","0"
"*042ne*","Malik Beasley","(N/A)","SG,G","","664","FA","","0","0","0","0","0","0","0","0","0","0","0","0.0","0"
"*06he2*","Charles Bediako","(N/A)","C","","665","FA","","0","0","0","0","0","0","0","0","0","0","0","0.0","0"
"*06mmb*","Reece Beekman","(N/A)","PG,G","","666","FA","","0","0","0","0","0","0","0","0","0","0","0","0.0","0"
"*05ujj*","Juhann Begarin","(N/A)","PG,SG,G","","667","FA","","0","0","0","0","0","0","0","0","0","0","0","0.0","0"
"*04ex1*","Jordan Bell","(N/A)","C","","668","FA","","0","0","0","0","0","0","0","0","0","0","0","0.0","0"
"*042ng*","DeAndre' Bembry","(N/A)","SF,PF,F","","669","FA","","0","0","0","0","0","0","0","0","0","0","0","0.0","0"
"*03xmu*","Dragan Bender","GS","PF,F,C","","670","FA","","0","0","0","0","0","0","0","0","0","0","0","0.0","0"
"*03kuc*","Jerrelle Benimon","(N/A)","PF,F","","671","FA","","0","0","0","0","0","0","0","0","0","0","0","0.0","0"
"*031lo*","Anthony Bennett","(N/A)","SF,PF,F","","672","FA","","0","0","0","0","0","0","0","0","0","0","0","0.0","0"
"*042oa*","Ben Bentil","DAL","SF,PF,F","","673","FA","","0","0","0","0","0","0","0","0","0","0","0","0.0","0"
"*065vd*","Jules Bernard","(N/A)","SG,G","","674","FA","","0","0","0","0","0","0","0","0","0","0","0","0.0","0"
"*04vu0*","Joel Berry II","(N/A)","PG,G","","675","FA","","0","0","0","0","0","0","0","0","0","0","0","0.0","0"
"*04yvw*","Dairis Bertans","(N/A)","SG,G","","676","FA","","0","0","0","0","0","0","0","0","0","0","0","0.0","0"
"*027pt*","Davis Bertans","(N/A)","PF,F","","677","FA","","0","0","0","0","0","0","0","0","0","0","0","0.0","0"
"*059fs*","Javon Bess","(N/A)","SG,G","","678","FA","","0","0","0","0","0","0","0","0","0","0","0","0.0","0"
"*0622l*","Hugo Besson","(N/A)","PG,G","","679","FA","","0","0","0","0","0","0","0","0","0","0","0","0.0","0"
"*05qss*","Tyler Bey","(N/A)","SF,F","","680","FA","","0","0","0","0","0","0","0","0","0","0","0","0.0","0"
"*05xo5*","Giorgi Bezhanishvili","(N/A)","PF,F","","681","FA","","0","0","0","0","0","0","0","0","0","0","0","0.0","0"
"*03iy1*","Sim Bhullar","(N/A)","C","","682","FA","","0","0","0","0","0","0","0","0","0","0","0","0.0","0"
"*04xif*","Justin Bibbs","(N/A)","SG,G","","683","FA","","0","0","0","0","0","0","0","0","0","0","0","0.0","0"
"*059ci*","Kavell Bigby-Williams","(N/A)","C","","684","FA","","0","0","0","0","0","0","0","0","0","0","0","0.0","0"
"*065h6*","Marcus Bingham","(N/A)","SF,PF,F","","685","FA","","0","0","0","0","0","0","0","0","0","0","0","0.0","0"
"*03kdj*","Khem Birch","(N/A)","C","","686","FA","","0","0","0","0","0","0","0","0","0","0","0","0.0","0"
"*04exj*","Jabari Bird","(N/A)","SG,G","","687","FA","","0","0","0","0","0","0","0","0","0","0","0","0.0","0"
"*06dq7*","Onuralp Bitim","(N/A)","SG,G","","688","FA","","0","0","0","0","0","0","0","0","0","0","0","0.0","0"
"*027oq*","Bismack Biyombo","(N/A)","C","","689","FA","","0","0","0","0","0","0","0","0","0","0","0","0.0","0"
"*06dob*","Leaky Black","(N/A)","SF,F","","690","FA","","0","0","0","0","0","0","0","0","0","0","0","0.0","0"
"*03jr4*","Tarik Black","(N/A)","PF,F,C","","691","FA","","0","0","0","0","0","0","0","0","0","0","0","0.0","0"
"*04fke*","James Blackmon Jr.","(N/A)","SG,G","","692","FA","","0","0","0","0","0","0","0","0","0","0","0","0.0","0"
"*04ggl*","Antonio Blakeney","(N/A)","PG,G","","693","FA","","0","0","0","0","0","0","0","0","0","0","0","0.0","0"
"*01uyx*","Eric Bledsoe","(N/A)","PG,G","","694","FA","","0","0","0","0","0","0","0","0","0","0","0","0.0","0"
"*059q8*","Keljin Blevins","(N/A)","SG,G","","695","FA","","0","0","0","0","0","0","0","0","0","0","0","0.0","0"
"*04exm*","Jaron Blossomgame","(N/A)","SF,F","","696","FA","","0","0","0","0","0","0","0","0","0","0","0","0.0","0"
"*0393h*","Vander Blue","(N/A)","PG,G","","697","FA","","0","0","0","0","0","0","0","0","0","0","0","0.0","0"
"*04sax*","Trevon Bluiett","(N/A)","PG,SG,G","","698","FA","","0","0","0","0","0","0","0","0","0","0","0","0.0","0"
"*059y5*","Bennie Boatwright","(N/A)","PF,F","","699","FA","","0","0","0","0","0","0","0","0","0","0","0","0.0","0"
"*062d2*","Buddy Boeheim","(N/A)","SF,F","","700","FA","","0","0","0","0","0","0","0","0","0","0","0","0.0","0"
"*051po*","Bol Bol","(N/A)","PF,F,C","","701","FA","","0","0","0","0","0","0","0","0","0","0","0","0.0","0"
"*04ewz*","Jonah Bolden","(N/A)","PF,F","","702","FA","","0","0","0","0","0","0","0","0","0","0","0","0.0","0"
"*059q2*","Marques Bolden","(N/A)","C","","703","FA","","0","0","0","0","0","0","0","0","0","0","0","0.0","0"
"*05qsw*","Leandro Bolmaro","(N/A)","SG,G","","704","FA","","0","0","0","0","0","0","0","0","0","0","0","0.0","0"
"*042ob*","Joel Bolomboy","(N/A)","PF,F","","705","FA","","0","0","0","0","0","0","0","0","0","0","0","0.0","0"
"*04xmx*","Tim Bond","(N/A)","SG,G","","706","FA","","0","0","0","0","0","0","0","0","0","0","0","0.0","0"
"*051q1*","Jordan Bone","(N/A)","PG,G","","707","FA","","0","0","0","0","0","0","0","0","0","0","0","0.0","0"
"*04qsg*","Isaac Bonga","(N/A)","SG,G","","708","FA","","0","0","0","0","0","0","0","0","0","0","0","0.0","0"
"*03zl3*","Askia Booker","(N/A)","SG,G","","709","FA","","0","0","0","0","0","0","0","0","0","0","0","0.0","0"
"*059gh*","Phil Booth","(N/A)","PG,G","","710","FA","","0","0","0","0","0","0","0","0","0","0","0","0.0","0"
"*05ujp*","Brandon Boston","(N/A)","SG,G,SF,F","","711","FA","","0","0","0","0","0","0","0","0","0","0","0","0.0","0"
"*04fj8*","Chris Boucher","(N/A)","PF,F","","712","FA","","0","0","0","0","0","0","0","0","0","0","0","0.0","0"
"*05uil*","James Bouknight","(N/A)","SG,G","","713","FA","","0","0","0","0","0","0","0","0","0","0","0","0.0","0"
"*06exl*","Souley Boum","(N/A)","PG,G","","714","FA","","0","0","0","0","0","0","0","0","0","0","0","0.0","0"
"*05qyz*","Jordan Bowden","(N/A)","SG,G","","715","FA","","0","0","0","0","0","0","0","0","0","0","0","0.0","0"
"*059ce*","Brian Bowen","(N/A)","SG,G,SF,F","","716","FA","","0","0","0","0","0","0","0","0","0","0","0","0.0","0"
"*059fx*","Ky Bowman","(N/A)","PG,G","","717","FA","","0","0","0","0","0","0","0","0","0","0","0","0.0","0"
"*01uyd*","Avery Bradley","(N/A)","SG,G","","718","FA","","0","0","0","0","0","0","0","0","0","0","0","0.0","0"
"*04ews*","Tony Bradley","(N/A)","C","","719","FA","","0","0","0","0","0","0","0","0","0","0","0","0.0","0"
"*06mnu*","Pedro Bradshaw","(N/A)","SF,PF,F","","720","FA","","0","0","0","0","0","0","0","0","0","0","0","0.0","0"
"*051pu*","Jarrell Brantley","(N/A)","PF,F","","721","FA","","0","0","0","0","0","0","0","0","0","0","0","0.0","0"
"*051pr*","Ignas Brazdeikis","(N/A)","SF,F","","722","FA","","0","0","0","0","0","0","0","0","0","0","0","0.0","0"
"*06mma*","Jalen Bridges","(N/A)","SF,F","","723","FA","","0","0","0","0","0","0","0","0","0","0","0","0.0","0"
"*04lbx*","Amida Brimah","(N/A)","C","","724","FA","","0","0","0","0","0","0","0","0","0","0","0","0.0","0"
"*04l1o*","Isaiah Briscoe","(N/A)","PG,G","","725","FA","","0","0","0","0","0","0","0","0","0","0","0","0.0","0"
"*059ca*","Oshae Brissett","(N/A)","SF,F","","726","FA","","0","0","0","0","0","0","0","0","0","0","0","0.0","0"
"*064s9*","Izaiah Brockington","(N/A)","PG,G","","727","FA","","0","0","0","0","0","0","0","0","0","0","0","0.0","0"
"*04tk0*","Ryan Broekhoff","(N/A)","SG,G,SF,F","","728","FA","","0","0","0","0","0","0","0","0","0","0","0","0.0","0"
"*042nw*","Malcolm Brogdon","(N/A)","PG,G","","729","FA","","0","0","0","0","0","0","0","0","0","0","0","0.0","0"
"*058n6*","Armoni Brooks","(N/A)","PG,G","","730","FA","","0","0","0","0","0","0","0","0","0","0","0","0.0","0"
"*0666f*","Eli Brooks","(N/A)","PG,SG,G","","731","FA","","0","0","0","0","0","0","0","0","0","0","0","0.0","0"
"*065us*","Garrison Brooks","(N/A)","SF,PF,F,C","","732","FA","","0","0","0","0","0","0","0","0","0","0","0","0.0","0"
"*06pty*","Keion Brooks","(N/A)","SF,F","","733","FA","","0","0","0","0","0","0","0","0","0","0","0","0.0","0"
"*059vu*","Barry Brown Jr.","(N/A)","PG,G","","734","FA","","0","0","0","0","0","0","0","0","0","0","0","0.0","0"
"*03e7d*","Alec Brown","(N/A)","C","","735","FA","","0","0","0","0","0","0","0","0","0","0","0","0.0","0"
"*03r7o*","Anthony Brown","(N/A)","SF,F","","736","FA","","0","0","0","0","0","0","0","0","0","0","0","0.0","0"
"*059g4*","Bryce Brown","(N/A)","PG,SG,G","","737","FA","","0","0","0","0","0","0","0","0","0","0","0","0.0","0"
"*059cd*","Charlie Brown","(N/A)","SG,G","","738","FA","","0","0","0","0","0","0","0","0","0","0","0","0.0","0"
"*05uut*","Chaundee Brown","(N/A)","SG,G","","739","FA","","0","0","0","0","0","0","0","0","0","0","0","0.0","0"
"*0729e*","Darius Brown","(N/A)","PG,SG,G","","740","FA","","0","0","0","0","0","0","0","0","0","0","0","0.0","0"
"*063cz*","Gabe Brown","(N/A)","SF,PF,F","","741","FA","","0","0","0","0","0","0","0","0","0","0","0","0.0","0"
"*05ujh*","Greg Brown","(N/A)","PF,F","","742","FA","","0","0","0","0","0","0","0","0","0","0","0","0.0","0"
"*03kqr*","Jabari Brown","(N/A)","SG,G","","743","FA","","0","0","0","0","0","0","0","0","0","0","0","0.0","0"
"*0622b*","Kendall Brown","(N/A)","SG,G","","744","FA","","0","0","0","0","0","0","0","0","0","0","0","0.0","0"
"*031n2*","Lorenzo Brown","(N/A)","PG,G","","745","FA","","0","0","0","0","0","0","0","0","0","0","0","0.0","0"
"*03e78*","Markel Brown","(N/A)","SG,G","","746","FA","","0","0","0","0","0","0","0","0","0","0","0","0.0","0"
"*0598b*","Moses Brown","(N/A)","C","","747","FA","","0","0","0","0","0","0","0","0","0","0","0","0.0","0"
"*04ex9*","Sterling Brown","(N/A)","SG,G","","748","FA","","0","0","0","0","0","0","0","0","0","0","0","0.0","0"
"*0666e*","Tevin Brown","(N/A)","PG,SG,G","","749","FA","","0","0","0","0","0","0","0","0","0","0","0","0.0","0"
"*04qrs*","Troy Brown","(N/A)","SF,F","","750","FA","","0","0","0","0","0","0","0","0","0","0","0","0.0","0"
"*043vz*","Nicolas Brussino","(N/A)","SG,G,SF,F","","751","FA","","0","0","0","0","0","0","0","0","0","0","0","0.0","0"
"*05s01*","Elijah Bryant","(N/A)","SG,G,SF,F","","752","FA","","0","0","0","0","0","0","0","0","0","0","0","0.0","0"
"*05r0f*","Shaq Buchanan","(N/A)","PG,G","","753","FA","","0","0","0","0","0","0","0","0","0","0","0","0.0","0"
"*06qq7*","Boo Buie","(N/A)","PG,SG,G","","754","FA","","0","0","0","0","0","0","0","0","0","0","0","0.0","0"
"*031mc*","Reggie Bullock","(N/A)","SF,F","","755","FA","","0","0","0","0","0","0","0","0","0","0","0","0.0","0"
"*031lw*","Trey Burke","(N/A)","PG,G","","756","FA","","0","0","0","0","0","0","0","0","0","0","0","0.0","0"
"*027ov*","Alec Burks","(N/A)","SG,G","","757","FA","","0","0","0","0","0","0","0","0","0","0","0","0.0","0"
"*06mm9*","DJ Burns","(N/A)","SF,PF,F","","758","FA","","0","0","0","0","0","0","0","0","0","0","0","0.0","0"
"*05xok*","Jordan Burns","(N/A)","PG,G","","759","FA","","0","0","0","0","0","0","0","0","0","0","0","0.0","0"
"*03kt8*","Deonte Burton","(N/A)","PG,G","","760","FA","","0","0","0","0","0","0","0","0","0","0","0","0.0","0"
"*07231*","Tyler Burton","(N/A)","SF,PF,F","","761","FA","","0","0","0","0","0","0","0","0","0","0","0","0.0","0"
"*05uje*","Jared Butler","(N/A)","PG,SG,G","","763","FA","","0","0","0","0","0","0","0","0","0","0","0","0.0","0"
"*06mp1*","JC Butler","(N/A)","SF,PF,F","","762","FA","","0","0","0","0","0","0","0","0","0","0","0","0.0","0"
"*0728s*","Lamont Butler","(N/A)","PG,SG,G","","764","FA","","0","0","0","0","0","0","0","0","0","0","0","0.0","0"
"*03e6o*","Bruno Caboclo","(N/A)","SF,PF,F","","765","FA","","0","0","0","0","0","0","0","0","0","0","0","0.0","0"
"*059cc*","Devontae Cacok","(N/A)","PF,F","","766","FA","","0","0","0","0","0","0","0","0","0","0","0","0.0","0"
"*059q9*","Perrion Callandret","(N/A)","PG,G","","767","FA","","0","0","0","0","0","0","0","0","0","0","0","0.0","0"
"*05qv8*","Facundo Campazzo","(N/A)","PG,G","","768","FA","","0","0","0","0","0","0","0","0","0","0","0","0.0","0"
"*031mk*","Isaiah Canaan","MIL","PG,G","","769","FA","","0","0","0","0","0","0","0","0","0","0","0","0.0","0"
"*04exc*","Vlatko Cancar","(N/A)","PF,F","","770","FA","","0","0","0","0","0","0","0","0","0","0","0","0.0","0"
"*059vy*","Devin Cannady","(N/A)","PG,G","","771","FA","","0","0","0","0","0","0","0","0","0","0","0","0.0","0"
"*05qtn*","Vernon Carey","(N/A)","C","","772","FA","","0","0","0","0","0","0","0","0","0","0","0","0.0","0"
"*052u4*","Jordan Caroline","(N/A)","SF,F","","773","FA","","0","0","0","0","0","0","0","0","0","0","0","0.0","0"
"*04xl5*","Phillip Carr","(N/A)","PF,F","","774","FA","","0","0","0","0","0","0","0","0","0","0","0","0.0","0"
"*04qsr*","Tony Carr","(N/A)","PG,G","","775","FA","","0","0","0","0","0","0","0","0","0","0","0","0.0","0"
"*04vu1*","Jeffrey Carroll","(N/A)","SG,G","","776","FA","","0","0","0","0","0","0","0","0","0","0","0","0.0","0"
"*043cm*","Robert Carter Jr.","(N/A)","PF,F","","777","FA","","0","0","0","0","0","0","0","0","0","0","0","0.0","0"
"*03x59*","Sampson Carter","(N/A)","PF,F","","778","FA","","0","0","0","0","0","0","0","0","0","0","0","0.0","0"
"*031ly*","Michael Carter-Williams","(N/A)","PG,G","","779","FA","","0","0","0","0","0","0","0","0","0","0","0","0.0","0"
"*05wvx*","D.J. Carton","(N/A)","SG,G","","780","FA","","0","0","0","0","0","0","0","0","0","0","0","0.0","0"
"*03wlh*","Kyle Casey","(N/A)","PF,F","","781","FA","","0","0","0","0","0","0","0","0","0","0","0","0.0","0"
"*03apz*","Willie Cauley-Stein","(N/A)","C","","782","FA","","0","0","0","0","0","0","0","0","0","0","0","0.0","0"
"*04kjg*","Troy Caupain","(N/A)","SG,G","","783","FA","","0","0","0","0","0","0","0","0","0","0","0","0.0","0"
"*04kpp*","Tyler Cavanaugh","(N/A)","PF,F,C","","784","FA","","0","0","0","0","0","0","0","0","0","0","0","0.0","0"
"*05qzv*","Ahmad Caver","(N/A)","PG,G","","785","FA","","0","0","0","0","0","0","0","0","0","0","0","0.0","0"
"*06cnb*","Malcolm Cazalon","(N/A)","SG,G","","786","FA","","0","0","0","0","0","0","0","0","0","0","0","0.0","0"
"*06221*","Kennedy Chandler","(N/A)","PG,G","","787","FA","","0","0","0","0","0","0","0","0","0","0","0","0.0","0"
"*04xhq*","Joe Chealey","(N/A)","PG,G","","788","FA","","0","0","0","0","0","0","0","0","0","0","0","0.0","0"
"*0554x*","Zylan Cheatham","(N/A)","SF,F","","789","FA","","0","0","0","0","0","0","0","0","0","0","0","0.0","0"
"*03h91*","Will Cherry","(N/A)","PG,G","","790","FA","","0","0","0","0","0","0","0","0","0","0","0","0.0","0"
"*05qzi*","Yoeli Childs","(N/A)","SF,F","","791","FA","","0","0","0","0","0","0","0","0","0","0","0","0.0","0"
"*04xgm*","Chris Chiozza","(N/A)","PG,G","","792","FA","","0","0","0","0","0","0","0","0","0","0","0","0.0","0"
"*06mm3*","Ulrich Chomche","(N/A)","PF,F","","793","FA","","0","0","0","0","0","0","0","0","0","0","0","0.0","0"
"*042n5*","Marquese Chriss","(N/A)","PF,F","","794","FA","","0","0","0","0","0","0","0","0","0","0","0","0.0","0"
"*03r7q*","Rakeem Christmas","(N/A)","PF,F","","795","FA","","0","0","0","0","0","0","0","0","0","0","0","0.0","0"
"*05uiy*","Josh Christopher","(N/A)","SG,G","","796","FA","","0","0","0","0","0","0","0","0","0","0","0","0.0","0"
"*04ug6*","Gary Clark","(N/A)","SF,F","","797","FA","","0","0","0","0","0","0","0","0","0","0","0","0.0","0"
"*033h9*","Ian Clark","(N/A)","PG,SG,G","","798","FA","","0","0","0","0","0","0","0","0","0","0","0","0.0","0"
"*06hsm*","Kihei Clark","(N/A)","PG,G","","799","FA","","0","0","0","0","0","0","0","0","0","0","0","0.0","0"
"*03woy*","Coty Clarke","BOS","SF,F","","800","FA","@DET Tue 12:00PM","0","0","0","0","0","0","0","0","0","0","0","0.0","0"
"*04hot*","Gian Clavell","(N/A)","PG,G","","801","FA","","0","0","0","0","0","0","0","0","0","0","0","0.0","0"
"*0570u*","Chris Clemons","(N/A)","PG,SG,G","","802","FA","","0","0","0","0","0","0","0","0","0","0","0","0.0","0"
"*04laz*","Antonius Cleveland","(N/A)","SG,G","","803","FA","","0","0","0","0","0","0","0","0","0","0","0","0.0","0"
"*0722e*","Matthew Cleveland","(N/A)","PG,SG,G","","804","FA","","0","0","0","0","0","0","0","0","0","0","0","0.0","0"
"*059g0*","Amir Coffey","(N/A)","SG,G,SF,PF,F","","805","FA","","0","0","0","0","0","0","0","0","0","0","0","0.0","0"
"*05xac*","Matt Coleman","(N/A)","PG,G","","806","FA","","0","0","0","0","0","0","0","0","0","0","0","0.0","0"
"*06ho6*","Yuri Collins","(N/A)","PG,G","","807","FA","","0","0","0","0","0","0","0","0","0","0","0","0.0","0"
"*044ia*","Kyle Collinsworth","(N/A)","SG,G","","808","FA","","0","0","0","0","0","0","0","0","0","0","0","0.0","0"
"*04xhu*","Bonzie Colson","(N/A)","SF,F","","809","FA","","0","0","0","0","0","0","0","0","0","0","0","0.0","0"
"*06aw1*","Chance Comanche","(N/A)","C","","810","FA","","0","0","0","0","0","0","0","0","0","0","0","0.0","0"
"*06giy*","George Conditt","(N/A)","PF,F","","811","FA","","0","0","0","0","0","0","0","0","0","0","0","0.0","0"
"*0484m*","Elgin Cook","(N/A)","SF,F","","812","FA","","0","0","0","0","0","0","0","0","0","0","0","0.0","0"
"*05qzl*","Keandre Cook","(N/A)","SG,G","","813","FA","","0","0","0","0","0","0","0","0","0","0","0","0.0","0"
"*03xh1*","Quinn Cook","(N/A)","PG,G","","814","FA","","0","0","0","0","0","0","0","0","0","0","0","0.0","0"
"*057ot*","Tyler Cook","(N/A)","PF,F","","815","FA","","0","0","0","0","0","0","0","0","0","0","0","0.0","0"
"*048zr*","Derek Cooke Jr.","(N/A)","PF,F","","816","FA","","0","0","0","0","0","0","0","0","0","0","0","0.0","0"
"*04is9*","Charles Cooke","MIA","SG,G","","817","FA","","0","0","0","0","0","0","0","0","0","0","0","0.0","0"
"*06fzs*","Javonte Cooke","(N/A)","SG,G","","818","FA","","0","0","0","0","0","0","0","0","0","0","0","0.0","0"
"*06ajv*","Xavier Cooks","(N/A)","PF,F","","819","FA","","0","0","0","0","0","0","0","0","0","0","0","0.0","0"
"*03j8m*","Jack Cooley","(N/A)","PF,F,C","","820","FA","","0","0","0","0","0","0","0","0","0","0","0","0.0","0"
"*05ujm*","Sharife Cooper","(N/A)","PG,G","","821","FA","","0","0","0","0","0","0","0","0","0","0","0","0.0","0"
"*042oc*","Petr Cornelie","(N/A)","PF,F","","822","FA","","0","0","0","0","0","0","0","0","0","0","0","0.0","0"
"*04838*","Matt Costello","(N/A)","PF,F","","823","FA","","0","0","0","0","0","0","0","0","0","0","0","0.0","0"
"*03i9w*","Bryce Cotton","(N/A)","PG,G","","824","FA","","0","0","0","0","0","0","0","0","0","0","0","0.0","0"
"*06ceg*","Ricky Council","(N/A)","SF,PF,F","","825","FA","","0","0","0","0","0","0","0","0","0","0","0","0.0","0"
"*01uz3*","DeMarcus Cousins","(N/A)","C","","826","FA","","0","0","0","0","0","0","0","0","0","0","0","0.0","0"
"*042oi*","Isaiah Cousins","(N/A)","SG,G","","827","FA","","0","0","0","0","0","0","0","0","0","0","0","0.0","0"
"*049lf*","Jaleel Cousins","(N/A)","C","","828","FA","","0","0","0","0","0","0","0","0","0","0","0","0.0","0"
"*038xi*","Robert Covington","(N/A)","SF,F","","829","FA","","0","0","0","0","0","0","0","0","0","0","0","0.0","0"
"*031mh*","Allen Crabbe","(N/A)","SG,G,SF,F","","830","FA","","0","0","0","0","0","0","0","0","0","0","0","0.0","0"
"*03jvr*","Aaron Craft","(N/A)","PG,G","","831","FA","","0","0","0","0","0","0","0","0","0","0","0","0.0","0"
"*04jw5*","Torrey Craig","(N/A)","SF,F","","832","FA","","0","0","0","0","0","0","0","0","0","0","0","0.0","0"
"*03ktw*","Chris Crawford","(N/A)","SG,G","","833","FA","","0","0","0","0","0","0","0","0","0","0","0","0.0","0"
"*03ku1*","Drew Crawford","(N/A)","SG,G","","834","FA","","0","0","0","0","0","0","0","0","0","0","0","0.0","0"
"*04xjp*","Mitch Creek","(N/A)","SG,G","","835","FA","","0","0","0","0","0","0","0","0","0","0","0","0.0","0"
"*06mnx*","Kevin Cross","(N/A)","SF,PF,F","","836","FA","","0","0","0","0","0","0","0","0","0","0","0","0.0","0"
"*02nfy*","Jae Crowder","(N/A)","PF,F","","837","FA","","0","0","0","0","0","0","0","0","0","0","0","0.0","0"
"*0723e*","Steven Crowl","(N/A)","SF,PF,F","","838","FA","","0","0","0","0","0","0","0","0","0","0","0","0.0","0"
"*05xni*","Jalen Crutcher","(N/A)","PG,G","","839","FA","","0","0","0","0","0","0","0","0","0","0","0","0.0","0"
"*06ppp*","Yongxi Cui","(N/A)","SG,G","","840","FA","","0","0","0","0","0","0","0","0","0","0","0","0.0","0"
"*05xp3*","Derek Culver","(N/A)","C","","841","FA","","0","0","0","0","0","0","0","0","0","0","0","0.0","0"
"*051om*","Jarrett Culver","(N/A)","SG,G","","842","FA","","0","0","0","0","0","0","0","0","0","0","0","0.0","0"
"*05ya0*","Jarron Cumberland","(N/A)","SG,G","","843","FA","","0","0","0","0","0","0","0","0","0","0","0","0.0","0"
"*03woc*","Will Cummings","(N/A)","PG,G","","844","FA","","0","0","0","0","0","0","0","0","0","0","0","0.0","0"
"*02nfo*","Jared Cunningham","(N/A)","PG,SG,G","","845","FA","","0","0","0","0","0","0","0","0","0","0","0","0.0","0"
"*038ia*","Seth Curry","(N/A)","SG,G","","846","FA","","0","0","0","0","0","0","0","0","0","0","0","0.0","0"
"*0392h*","Olek Czyz","(N/A)","SF,F","","847","FA","","0","0","0","0","0","0","0","0","0","0","0","0.0","0"
"*07244*","Dain Dainja","(N/A)","SF,PF,F","","848","FA","","0","0","0","0","0","0","0","0","0","0","0","0.0","0"
"*06cen*","Caleb Daniels","(N/A)","SG,G","","849","FA","","0","0","0","0","0","0","0","0","0","0","0","0.0","0"
"*0393p*","Troy Daniels","(N/A)","PG,SG,G","","850","FA","","0","0","0","0","0","0","0","0","0","0","0","0.0","0"
"*06mm6*","N'Faly Dante","(N/A)","C","","851","FA","","0","0","0","0","0","0","0","0","0","0","0","0.0","0"
"*05qyr*","Nate Darling","(N/A)","SG,G","","852","FA","","0","0","0","0","0","0","0","0","0","0","0","0.0","0"
"*038i9*","Brandon Davies","(N/A)","PF,F","","853","FA","","0","0","0","0","0","0","0","0","0","0","0","0.0","0"
"*06hf9*","Antoine Davis","(N/A)","PG,G","","854","FA","","0","0","0","0","0","0","0","0","0","0","0","0.0","0"
"*042ns*","Deyonta Davis","(N/A)","PF,F","","855","FA","","0","0","0","0","0","0","0","0","0","0","0","0.0","0"
"*0724o*","Johnell Davis","(N/A)","PG,SG,G","","856","FA","","0","0","0","0","0","0","0","0","0","0","0","0.0","0"
"*06219*","Johnny Davis","(N/A)","SG,G","","857","FA","","0","0","0","0","0","0","0","0","0","0","0","0.0","0"
"*059u3*","Jon Davis","(N/A)","PG,G","","858","FA","","0","0","0","0","0","0","0","0","0","0","0","0.0","0"
"*06hdx*","Kendric Davis","(N/A)","PG,G","","859","FA","","0","0","0","0","0","0","0","0","0","0","0","0.0","0"
"*06z7u*","RJ Davis","(N/A)","PG,SG,G","","860","FA","","0","0","0","0","0","0","0","0","0","0","0","0.0","0"
"*056aq*","Terence Davis","(N/A)","SG,G","","861","FA","","0","0","0","0","0","0","0","0","0","0","0","0.0","0"
"*04vxz*","Tyler Davis","(N/A)","C","","862","FA","","0","0","0","0","0","0","0","0","0","0","0","0.0","0"
"*03kqm*","Andre Dawkins","BOS","SG,G","","863","FA","@DET Tue 12:00PM","0","0","0","0","0","0","0","0","0","0","0","0.0","0"
"*059cj*","Aubrey Dawkins","(N/A)","SG,G","","864","FA","","0","0","0","0","0","0","0","0","0","0","0","0.0","0"
"*03r89*","Branden Dawson","(N/A)","SF,PF,F","","865","FA","","0","0","0","0","0","0","0","0","0","0","0","0.0","0"
"*0483k*","Shawn Dawson","(N/A)","SF,F","","866","FA","","0","0","0","0","0","0","0","0","0","0","0","0.0","0"
"*062sp*","Darius Days","(N/A)","PF,F","","867","FA","","0","0","0","0","0","0","0","0","0","0","0","0.0","0"
"*04lcm*","George de Paula","(N/A)","PG,G","","1798","FA","","0","0","0","0","0","0","0","0","0","0","0","0.0","0"
"*05rk9*","Gabriel Deck","(N/A)","SF,PF,F","","869","FA","","0","0","0","0","0","0","0","0","0","0","0","0.0","0"
"*038xl*","Dewayne Dedmon","(N/A)","C","","870","FA","","0","0","0","0","0","0","0","0","0","0","0","0.0","0"
"*03ulp*","Bryce Dejean-Jones","NO","PG,SG,G","","871","FA","","0","0","0","0","0","0","0","0","0","0","0","0.0","0"
"*03byi*","Sam Dekker","(N/A)","SF,PF,F","","872","FA","","0","0","0","0","0","0","0","0","0","0","0","0.0","0"
"*05qys*","Javin DeLaurier","(N/A)","PF,F,C","","868","FA","","0","0","0","0","0","0","0","0","0","0","0","0.0","0"
"*04xhx*","Angel Delgado","(N/A)","C","","873","FA","","0","0","0","0","0","0","0","0","0","0","0","0.0","0"
"*038og*","Matthew Dellavedova","(N/A)","PG,G","","874","FA","","0","0","0","0","0","0","0","0","0","0","0","0.0","0"
"*06666*","Eric Demers","(N/A)","PG,SG,G","","875","FA","","0","0","0","0","0","0","0","0","0","0","0","0.0","0"
"*04z79*","Cody Demps","(N/A)","SG,G","","876","FA","","0","0","0","0","0","0","0","0","0","0","0","0.0","0"
"*06eo4*","Dexter Dennis","(N/A)","SG,G","","877","FA","","0","0","0","0","0","0","0","0","0","0","0","0.0","0"
"*04vy0*","Marcus Derrickson","(N/A)","PF,F","","878","FA","","0","0","0","0","0","0","0","0","0","0","0","0.0","0"
"*0623b*","Michael Devoe","(N/A)","SG,G","","879","FA","","0","0","0","0","0","0","0","0","0","0","0","0.0","0"
"*05qvv*","Mamadi Diakite","(N/A)","PF,F","","880","FA","","0","0","0","0","0","0","0","0","0","0","0","0.0","0"
"*03llu*","Cheick Diallo","(N/A)","PF,F,C","","881","FA","","0","0","0","0","0","0","0","0","0","0","0","0.0","0"
"*049sa*","Hamidou Diallo","(N/A)","SG,G","","882","FA","","0","0","0","0","0","0","0","0","0","0","0","0.0","0"
"*05qz6*","Lamine Diane","(N/A)","SF,PF,F","","883","FA","","0","0","0","0","0","0","0","0","0","0","0","0.0","0"
"*06mo7*","Mohamed Diarra","(N/A)","PF,F","","884","FA","","0","0","0","0","0","0","0","0","0","0","0","0.0","0"
"*06vxw*","Hunter Dickinson","(N/A)","C","","885","FA","","0","0","0","0","0","0","0","0","0","0","0","0.0","0"
"*031m8*","Gorgui Dieng","(N/A)","C","","886","FA","","0","0","0","0","0","0","0","0","0","0","0","0.0","0"
"*03e74*","Spencer Dinwiddie","(N/A)","PG,G","","887","FA","","0","0","0","0","0","0","0","0","0","0","0","0.0","0"
"*06vy1*","Eric Dixon","(N/A)","PF,F","","888","FA","","0","0","0","0","0","0","0","0","0","0","0","0.0","0"
"*06mlp*","Nikola Djurisic","(N/A)","SF,PF,F","","889","FA","","0","0","0","0","0","0","0","0","0","0","0","0.0","0"
"*06ptx*","Marcus Domask","(N/A)","SF,F","","890","FA","","0","0","0","0","0","0","0","0","0","0","0","0.0","0"
"*04ex4*","Tyler Dorsey","(N/A)","PG,SG,G","","891","FA","","0","0","0","0","0","0","0","0","0","0","0","0.0","0"
"*04ex7*","Damyean Dotson","(N/A)","SG,G","","892","FA","","0","0","0","0","0","0","0","0","0","0","0","0.0","0"
"*05qsu*","Devon Dotson","(N/A)","PG,SG,G","","893","FA","","0","0","0","0","0","0","0","0","0","0","0","0.0","0"
"*051ov*","Sekou Doumbouya","(N/A)","SF,PF,F","","894","FA","","0","0","0","0","0","0","0","0","0","0","0","0.0","0"
"*05wkd*","Jeff Dowtin","(N/A)","PG,G","","895","FA","","0","0","0","0","0","0","0","0","0","0","0","0.0","0"
"*04idm*","Milton Doyle","(N/A)","PG,G","","896","FA","","0","0","0","0","0","0","0","0","0","0","0","0.0","0"
"*04ik2*","PJ Dozier","(N/A)","SG,G","","897","FA","","0","0","0","0","0","0","0","0","0","0","0","0.0","0"
"*06gnm*","Henri Drell","(N/A)","SF,F","","898","FA","","0","0","0","0","0","0","0","0","0","0","0","0.0","0"
"*038xh*","Larry Drew II","NO","PG,G","","899","FA","","0","0","0","0","0","0","0","0","0","0","0","0.0","0"
"*05uin*","Chris Duarte","(N/A)","SG,G","","900","FA","","0","0","0","0","0","0","0","0","0","0","0","0.0","0"
"*06mmj*","Alex Ducas","(N/A)","SG,G,SF,F","","901","FA","","0","0","0","0","0","0","0","0","0","0","0","0.0","0"
"*03sdf*","Duje Dukan","(N/A)","SF,F","","902","FA","","0","0","0","0","0","0","0","0","0","0","0","0.0","0"
"*05wvu*","David Duke","(N/A)","SG,G","","903","FA","","0","0","0","0","0","0","0","0","0","0","0","0.0","0"
"*049pk*","Kellen Dunham","(N/A)","SG,G","","904","FA","","0","0","0","0","0","0","0","0","0","0","0","0.0","0"
"*064s8*","Anthony Duruji","(N/A)","SF,PF,F","","905","FA","","0","0","0","0","0","0","0","0","0","0","0","0.0","0"
"*049kg*","Trevon Duval","(N/A)","PG,G","","906","FA","","0","0","0","0","0","0","0","0","0","0","0","0.0","0"
"*03e70*","Cleanthony Early","(N/A)","SF,F","","907","FA","","0","0","0","0","0","0","0","0","0","0","0","0.0","0"
"*06mo6*","Sean East","(N/A)","PG,G","","908","FA","","0","0","0","0","0","0","0","0","0","0","0","0.0","0"
"*01uzb*","Devin Ebanks","(N/A)","SG,G,SF,F","","909","FA","","0","0","0","0","0","0","0","0","0","0","0","0.0","0"
"*05qxu*","Paul Eboua","(N/A)","SF,PF,F","","910","FA","","0","0","0","0","0","0","0","0","0","0","0","0.0","0"
"*05uxy*","Jaime Echenique","(N/A)","C","","911","FA","","0","0","0","0","0","0","0","0","0","0","0","0.0","0"
"*03ku7*","Jarell Eddie","(N/A)","SG,G","","912","FA","","0","0","0","0","0","0","0","0","0","0","0","0.0","0"
"*051pd*","Carsen Edwards","(N/A)","SG,G","","913","FA","","0","0","0","0","0","0","0","0","0","0","0","0.0","0"
"*06mq1*","Jesse Edwards","(N/A)","C","","914","FA","","0","0","0","0","0","0","0","0","0","0","0","0.0","0"
"*05uji*","Kessler Edwards","(N/A)","SF,PF,F","","915","FA","","0","0","0","0","0","0","0","0","0","0","0","0.0","0"
"*065b7*","Kyler Edwards","(N/A)","PG,SG,G","","916","FA","","0","0","0","0","0","0","0","0","0","0","0","0.0","0"
"*05xcl*","Rob Edwards","(N/A)","SG,G","","917","FA","","0","0","0","0","0","0","0","0","0","0","0","0.0","0"
"*04qss*","Vincent Edwards","(N/A)","SF,F","","918","FA","","0","0","0","0","0","0","0","0","0","0","0","0.0","0"
"*059g6*","John Egbunu","(N/A)","C","","919","FA","","0","0","0","0","0","0","0","0","0","0","0","0.0","0"
"*03wow*","Nnanna Egwu","(N/A)","C","","920","FA","","0","0","0","0","0","0","0","0","0","0","0","0.0","0"
"*03hz0*","Melvin Ejim","(N/A)","SF,PF,F","","921","FA","","0","0","0","0","0","0","0","0","0","0","0","0.0","0"
"*05quc*","CJ Elleby","(N/A)","SF,F","","922","FA","","0","0","0","0","0","0","0","0","0","0","0","0.0","0"
"*042nd*","Henry Ellenson","(N/A)","PF,F","","923","FA","","0","0","0","0","0","0","0","0","0","0","0","0.0","0"
"*06pw5*","Boogie Ellis","(N/A)","PG,G","","924","FA","","0","0","0","0","0","0","0","0","0","0","0","0.0","0"
"*048yi*","Perry Ellis","(N/A)","PF,F","","925","FA","","0","0","0","0","0","0","0","0","0","0","0","0.0","0"
"*05y9z*","Malik Ellison","(N/A)","PG,SG,G,SF,PF,F","","926","FA","","0","0","0","0","0","0","0","0","0","0","0","0.0","0"
"*031n0*","James Ennis","(N/A)","SF,F","","927","FA","","0","0","0","0","0","0","0","0","0","0","0","0.0","0"
"*03byh*","Tyler Ennis","(N/A)","PG,G","","928","FA","","0","0","0","0","0","0","0","0","0","0","0","0.0","0"
"*06q8b*","Aaron Estrada","(N/A)","PG,G","","929","FA","","0","0","0","0","0","0","0","0","0","0","0","0.0","0"
"*04qs5*","Jacob Evans","(N/A)","SG,G","","930","FA","","0","0","0","0","0","0","0","0","0","0","0","0.0","0"
"*04ex2*","Jawun Evans","(N/A)","PG,G","","931","FA","","0","0","0","0","0","0","0","0","0","0","0","0.0","0"
"*04xie*","Keenan Evans","DET","PG,G","","932","FA","BOS Tue 12:00PM","0","0","0","0","0","0","0","0","0","0","0","0.0","0"
"*01eoh*","Tyreke Evans","(N/A)","PG,SG,G","","933","FA","","0","0","0","0","0","0","0","0","0","0","0","0.0","0"
"*06hfc*","Tosan Evbuomwan","(N/A)","SF,F","","934","FA","","0","0","0","0","0","0","0","0","0","0","0","0.0","0"
"*03acx*","Dante Exum","(N/A)","PG,G","","935","FA","","0","0","0","0","0","0","0","0","0","0","0","0.0","0"
"*02nfu*","Festus Ezeli","(N/A)","C","","936","FA","","0","0","0","0","0","0","0","0","0","0","0","0.0","0"
"*03jxp*","C.J. Fair","(N/A)","PF,F","","937","FA","","0","0","0","0","0","0","0","0","0","0","0","0.0","0"
"*027p7*","Kenneth Faried","(N/A)","PF,F,C","","938","FA","","0","0","0","0","0","0","0","0","0","0","0","0.0","0"
"*01uyt*","Derrick Favors","(N/A)","PF,F,C","","939","FA","","0","0","0","0","0","0","0","0","0","0","0","0.0","0"
"*042od*","Kay Felder","(N/A)","PG,G","","940","FA","","0","0","0","0","0","0","0","0","0","0","0","0.0","0"
"*03rxn*","Cristiano Felicio","(N/A)","C","","941","FA","","0","0","0","0","0","0","0","0","0","0","0","0.0","0"
"*031mj*","Carrick Felix","(N/A)","SG,G,SF,F","","942","FA","","0","0","0","0","0","0","0","0","0","0","0","0.0","0"
"*04ewl*","Terrance Ferguson","(N/A)","SG,G,SF,F","","943","FA","","0","0","0","0","0","0","0","0","0","0","0","0.0","0"
"*049le*","Vashil Fernandez","(N/A)","C","","944","FA","","0","0","0","0","0","0","0","0","0","0","0","0.0","0"
"*051pe*","Bruno Fernando","(N/A)","C","","945","FA","","0","0","0","0","0","0","0","0","0","0","0","0.0","0"
"*0483a*","Yogi Ferrell","(N/A)","PG,SG,G","","946","FA","","0","0","0","0","0","0","0","0","0","0","0","0.0","0"
"*06mot*","Max Fiedler","(N/A)","SF,PF,F","","947","FA","","0","0","0","0","0","0","0","0","0","0","0","0.0","0"
"*05xoj*","L.J. Figueroa","(N/A)","PG,SG,G,SF,PF,F","","948","FA","","0","0","0","0","0","0","0","0","0","0","0","0.0","0"
"*05qzg*","Malik Fitts","(N/A)","PF,F","","949","FA","","0","0","0","0","0","0","0","0","0","0","0","0.0","0"
"*06mnz*","Allen Flanigan","(N/A)","PG,SG,G","","950","FA","","0","0","0","0","0","0","0","0","0","0","0","0.0","0"
"*059wt*","Skyler Flatten","(N/A)","SG,G","","951","FA","","0","0","0","0","0","0","0","0","0","0","0","0.0","0"
"*06pfe*","Trentyn Flowers","(N/A)","SF,F","","952","FA","","0","0","0","0","0","0","0","0","0","0","0","0.0","0"
"*05qsn*","Malachi Flynn","(N/A)","PG,G","","953","FA","","0","0","0","0","0","0","0","0","0","0","0","0.0","0"
"*02wy0*","Kyle Fogg","(N/A)","PG,SG,G","","954","FA","","0","0","0","0","0","0","0","0","0","0","0","0.0","0"
"*04847*","Bryn Forbes","(N/A)","SG,G","","955","FA","","0","0","0","0","0","0","0","0","0","0","0","0.0","0"
"*05y7a*","Aleem Ford","(N/A)","SF,F","","956","FA","","0","0","0","0","0","0","0","0","0","0","0","0.0","0"
"*05qzf*","Jordan Ford","(N/A)","PG,G","","957","FA","","0","0","0","0","0","0","0","0","0","0","0","0.0","0"
"*0480a*","Quincy Ford","(N/A)","SF,F","","958","FA","","0","0","0","0","0","0","0","0","0","0","0","0.0","0"
"*05qu7*","Trent Forrest","(N/A)","PG,G","","959","FA","","0","0","0","0","0","0","0","0","0","0","0","0.0","0"
"*05xob*","Marcus Foster","(N/A)","SG,G","","960","FA","","0","0","0","0","0","0","0","0","0","0","0","0.0","0"
"*0623g*","Michael Foster","(N/A)","SF,PF,F","","961","FA","","0","0","0","0","0","0","0","0","0","0","0","0.0","0"
"*02nfk*","Evan Fournier","(N/A)","SG,G","","962","FA","","0","0","0","0","0","0","0","0","0","0","0","0.0","0"
"*06hdw*","Armaan Franklin","(N/A)","PG,G","","963","FA","","0","0","0","0","0","0","0","0","0","0","0","0.0","0"
"*031mr*","Jamaal Franklin","DEN","SG,G,SF,F","","964","FA","","0","0","0","0","0","0","0","0","0","0","0","0.0","0"
"*059fu*","Robert Franks","(N/A)","SF,F","","965","FA","","0","0","0","0","0","0","0","0","0","0","0","0.0","0"
"*04qsc*","Melvin Frazier Jr.","(N/A)","SG,G","","966","FA","","0","0","0","0","0","0","0","0","0","0","0","0.0","0"
"*03v03*","Michael Frazier","(N/A)","SG,G","","967","FA","","0","0","0","0","0","0","0","0","0","0","0","0.0","0"
"*03ku2*","Tim Frazier","(N/A)","PG,G","","968","FA","","0","0","0","0","0","0","0","0","0","0","0","0.0","0"
"*0493y*","Trey Freeman","(N/A)","PG,G","","969","FA","","0","0","0","0","0","0","0","0","0","0","0","0.0","0"
"*062k1*","Javon Freeman-Liberty","(N/A)","PG,G","","970","FA","","0","0","0","0","0","0","0","0","0","0","0","0.0","0"
"*06mop*","Samson Froling","(N/A)","C","","971","FA","","0","0","0","0","0","0","0","0","0","0","0","0.0","0"
"*06fwl*","Alex Fudge","(N/A)","SF,F","","972","FA","","0","0","0","0","0","0","0","0","0","0","0","0.0","0"
"*049s6*","Markelle Fultz","(N/A)","PG,G","","973","FA","","0","0","0","0","0","0","0","0","0","0","0","0.0","0"
"*06hdv*","Andrew Funk","(N/A)","SG,G","","974","FA","","0","0","0","0","0","0","0","0","0","0","0","0.0","0"
"*06qf9*","Taylor Funk","(N/A)","SF,PF,F","","975","FA","","0","0","0","0","0","0","0","0","0","0","0","0.0","0"
"*04vu2*","Wenyen Gabriel","(N/A)","PF,F","","976","FA","","0","0","0","0","0","0","0","0","0","0","0","0.0","0"
"*0393q*","Abdul Gaddy","(N/A)","PG,SG,G","","977","FA","","0","0","0","0","0","0","0","0","0","0","0","0.0","0"
"*01uzm*","Tiny Gallon","(N/A)","PF,F","","978","FA","","0","0","0","0","0","0","0","0","0","0","0","0.0","0"
"*06kv0*","Jaylin Galloway","(N/A)","SF,F","","979","FA","","0","0","0","0","0","0","0","0","0","0","0","0.0","0"
"*03k50*","Langston Galloway","(N/A)","SG,G","","980","FA","","0","0","0","0","0","0","0","0","0","0","0","0.0","0"
"*059cf*","Jakeenan Gant","(N/A)","SG,G","","981","FA","","0","0","0","0","0","0","0","0","0","0","0","0.0","0"
"*073y0*","Andersson Garcia","(N/A)","PF,F","","982","FA","","0","0","0","0","0","0","0","0","0","0","0","0.0","0"
"*07241*","Dawson Garcia","(N/A)","SF,PF,F,C","","983","FA","","0","0","0","0","0","0","0","0","0","0","0","0.0","0"
"*06hrf*","Patrick Gardner","(N/A)","C","","984","FA","","0","0","0","0","0","0","0","0","0","0","0","0.0","0"
"*045qh*","Patricio Garino","(N/A)","SG,G","","985","FA","","0","0","0","0","0","0","0","0","0","0","0","0.0","0"
"*05wah*","Marcus Garrett","(N/A)","SG,G","","986","FA","","0","0","0","0","0","0","0","0","0","0","0","0.0","0"
"*05uix*","Usman Garuba","(N/A)","PF,F","","987","FA","","0","0","0","0","0","0","0","0","0","0","0","0.0","0"
"*04xdt*","Kaiser Gates","(N/A)","SF,F","","988","FA","","0","0","0","0","0","0","0","0","0","0","0","0.0","0"
"*042o8*","Michael Gbinije","(N/A)","SF,F","","989","FA","","0","0","0","0","0","0","0","0","0","0","0","0.0","0"
"*0490w*","Marcus Georges-Hunt","(N/A)","SG,G","","990","FA","","0","0","0","0","0","0","0","0","0","0","0","0.0","0"
"*01en8*","Taj Gibson","(N/A)","C","","991","FA","","0","0","0","0","0","0","0","0","0","0","0","0.0","0"
"*03xmw*","Harry Giles","(N/A)","C","","992","FA","","0","0","0","0","0","0","0","0","0","0","0","0.0","0"
"*05qu6*","Romaro Gill","(N/A)","C","","993","FA","","0","0","0","0","0","0","0","0","0","0","0","0.0","0"
"*05qzc*","Freddie Gillespie","(N/A)","SF,PF,F","","994","FA","","0","0","0","0","0","0","0","0","0","0","0","0.0","0"
"*065ut*","Jacob Gilyard","(N/A)","PG,G","","995","FA","","0","0","0","0","0","0","0","0","0","0","0","0.0","0"
"*065vf*","Grant Golden","(N/A)","SF,PF,F","","996","FA","","0","0","0","0","0","0","0","0","0","0","0","0.0","0"
"*031mf*","Archie Goodwin","(N/A)","PG,SG,G","","997","FA","","0","0","0","0","0","0","0","0","0","0","0","0.0","0"
"*04w4b*","Brandon Goodwin","(N/A)","PG,G","","998","FA","","0","0","0","0","0","0","0","0","0","0","0","0.0","0"
"*06hsn*","Dane Goodwin","(N/A)","SG,G","","999","FA","","0","0","0","0","0","0","0","0","0","0","0","0.0","0"
"*005kf*","Eric Gordon","(N/A)","SG,G,SF,F","","1000","FA","","0","0","0","0","0","0","0","0","0","0","0","0.0","0"
"*06hi9*","Jazian Gortman","(N/A)","PG,G","","1001","FA","","0","0","0","0","0","0","0","0","0","0","0","0.0","0"
"*062sq*","Kellan Grady","(N/A)","PG,SG,G","","1002","FA","","0","0","0","0","0","0","0","0","0","0","0","0.0","0"
"*04qsb*","Devonte' Graham","(N/A)","PG,G","","1003","FA","","0","0","0","0","0","0","0","0","0","0","0","0.0","0"
"*03ua0*","Treveon Graham","(N/A)","SG,G,SF,F","","1004","FA","","0","0","0","0","0","0","0","0","0","0","0","0.0","0"
"*03r7g*","Jerian Grant","(N/A)","PG,SG,G","","1005","FA","","0","0","0","0","0","0","0","0","0","0","0","0.0","0"
"*04vqv*","Donte Grantham","(N/A)","SG,G","","1006","FA","","0","0","0","0","0","0","0","0","0","0","0","0.0","0"
"*057ow*","Hassani Gravett","(N/A)","PG,G","","1007","FA","","0","0","0","0","0","0","0","0","0","0","0","0.0","0"
"*04mr6*","Josh Gray","(N/A)","PG,G","","1008","FA","","0","0","0","0","0","0","0","0","0","0","0","0.0","0"
"*05ujx*","RaiQuan Gray","(N/A)","PF,F","","1009","FA","","0","0","0","0","0","0","0","0","0","0","0","0.0","0"
"*04uq2*","Rob Gray","(N/A)","PG,G","","1010","FA","","0","0","0","0","0","0","0","0","0","0","0","0.0","0"
"*06moi*","Darin Green","(N/A)","SG,G","","1011","FA","","0","0","0","0","0","0","0","0","0","0","0","0.0","0"
"*031mw*","Erick Green","(N/A)","PG,SG,G","","1012","FA","","0","0","0","0","0","0","0","0","0","0","0","0.0","0"
"*03927*","JaMychal Green","(N/A)","PF,F","","1013","FA","","0","0","0","0","0","0","0","0","0","0","0","0.0","0"
"*001ax*","Jeff Green","(N/A)","PF,F","","1014","FA","","0","0","0","0","0","0","0","0","0","0","0","0.0","0"
"*0621f*","AJ Griffin","(N/A)","SF,F","","1015","FA","","0","0","0","0","0","0","0","0","0","0","0","0.0","0"
"*038kh*","Eric Griffin","(N/A)","SF,F","","1016","FA","","0","0","0","0","0","0","0","0","0","0","0","0.0","0"
"*055si*","Marko Guduric","(N/A)","SG,G","","1017","FA","","0","0","0","0","0","0","0","0","0","0","0","0.0","0"
"*063u8*","Mouhamadou Gueye","(N/A)","PF,F","","1018","FA","","0","0","0","0","0","0","0","0","0","0","0","0.0","0"
"*051pz*","Kyle Guy","(N/A)","SG,G","","1019","FA","","0","0","0","0","0","0","0","0","0","0","0","0.0","0"
"*04v3j*","Isaac Haas","(N/A)","C","","1020","FA","","0","0","0","0","0","0","0","0","0","0","0","0.0","0"
"*05quf*","Ashton Hagans","(N/A)","PG,G","","1021","FA","","0","0","0","0","0","0","0","0","0","0","0","0.0","0"
"*04qst*","Devon Hall","(N/A)","SG,G","","1022","FA","","0","0","0","0","0","0","0","0","0","0","0","0.0","0"
"*059qb*","Donta Hall","(N/A)","PF,F","","1023","FA","","0","0","0","0","0","0","0","0","0","0","0","0.0","0"
"*06303*","Jordan Hall","(N/A)","PG,SG,G,SF,PF,F","","1024","FA","","0","0","0","0","0","0","0","0","0","0","0","0.0","0"
"*05qzm*","Josh Hall","(N/A)","SF,F","","1025","FA","","0","0","0","0","0","0","0","0","0","0","0","0.0","0"
"*06mnr*","Malik Hall","(N/A)","SF,PF,F","","1026","FA","","0","0","0","0","0","0","0","0","0","0","0","0.0","0"
"*05r05*","Tyler Hall","(N/A)","PG,SG,G","","1027","FA","","0","0","0","0","0","0","0","0","0","0","0","0.0","0"
"*06237*","Bryce Hamilton","(N/A)","SG,G","","1028","FA","","0","0","0","0","0","0","0","0","0","0","0","0.0","0"
"*042of*","Daniel Hamilton","(N/A)","SF,F","","1029","FA","","0","0","0","0","0","0","0","0","0","0","0","0.0","0"
"*04lk8*","Isaac Hamilton","(N/A)","SG,G","","1030","FA","","0","0","0","0","0","0","0","0","0","0","0","0.0","0"
"*04xid*","Johnny Hamilton","(N/A)","C","","1031","FA","","0","0","0","0","0","0","0","0","0","0","0","0.0","0"
"*02ng9*","Justin Hamilton","(N/A)","PF,F,C","","1032","FA","","0","0","0","0","0","0","0","0","0","0","0","0.0","0"
"*05qt7*","Rayshaun Hammonds","(N/A)","SF,PF,F","","1033","FA","","0","0","0","0","0","0","0","0","0","0","0","0.0","0"
"*042o5*","A.J. Hammons","(N/A)","C","","1034","FA","","0","0","0","0","0","0","0","0","0","0","0","0.0","0"
"*05qt5*","R.J. Hampton","(N/A)","PG,G","","1035","FA","","0","0","0","0","0","0","0","0","0","0","0","0.0","0"
"*051q0*","Jaylen Hands","(N/A)","PG,G","","1036","FA","","0","0","0","0","0","0","0","0","0","0","0","0.0","0"
"*03r7w*","Olivier Hanlan","(N/A)","PG,G","","1037","FA","","0","0","0","0","0","0","0","0","0","0","0","0.0","0"
"*04z9c*","Dusty Hannahs","(N/A)","PG,SG,G","","1038","FA","","0","0","0","0","0","0","0","0","0","0","0","0.0","0"
"*02nff*","Maurice Harkless","(N/A)","SF,F","","1039","FA","","0","0","0","0","0","0","0","0","0","0","0","0.0","0"
"*059ij*","Jared Harper","(N/A)","PG,G","","1040","FA","","0","0","0","0","0","0","0","0","0","0","0","0.0","0"
"*03tru*","KT Harrell","(N/A)","SG,G","","1041","FA","","0","0","0","0","0","0","0","0","0","0","0","0.0","0"
"*03byg*","Montrezl Harrell","(N/A)","C","","1042","FA","","0","0","0","0","0","0","0","0","0","0","0","0.0","0"
"*05qso*","Jalen Harris","(N/A)","SG,G","","1043","FA","","0","0","0","0","0","0","0","0","0","0","0","0.0","0"
"*03e6z*","Joe Harris","(N/A)","SG,G,SF,F","","1044","FA","","0","0","0","0","0","0","0","0","0","0","0","0.0","0"
"*05qzd*","Kevon Harris","(N/A)","SG,G","","1045","FA","","0","0","0","0","0","0","0","0","0","0","0","0.0","0"
"*03rzs*","Aaron Harrison","(N/A)","PG,G","","1046","FA","","0","0","0","0","0","0","0","0","0","0","0","0.0","0"
"*02xdr*","Andrew Harrison","(N/A)","PG,SG,G","","1047","FA","","0","0","0","0","0","0","0","0","0","0","0","0.0","0"
"*048zs*","Shaquille Harrison","(N/A)","SG,G","","1048","FA","","0","0","0","0","0","0","0","0","0","0","0","0.0","0"
"*06ceq*","Joey Hauser","(N/A)","SF,F","","1049","FA","","0","0","0","0","0","0","0","0","0","0","0","0.0","0"
"*05qt9*","Killian Hayes","(N/A)","PG,SG,G","","1050","FA","","0","0","0","0","0","0","0","0","0","0","0","0.0","0"
"*04k0q*","Nigel Hayes-Davis","(N/A)","SF,PF,F","","1051","FA","","0","0","0","0","0","0","0","0","0","0","0","0.0","0"
"*01uz7*","Gordon Hayward","(N/A)","SF,F","","1052","FA","","0","0","0","0","0","0","0","0","0","0","0","0.0","0"
"*04ljk*","Reggie Hearn","(N/A)","SG,G","","1053","FA","","0","0","0","0","0","0","0","0","0","0","0","0.0","0"
"*06hfa*","Max Heidegger","(N/A)","PG,G","","1054","FA","","0","0","0","0","0","0","0","0","0","0","0","0.0","0"
"*05uuf*","Aaron Henry","(N/A)","SF,F","","1055","FA","","0","0","0","0","0","0","0","0","0","0","0","0.0","0"
"*04mmf*","Myke Henry","(N/A)","SF,F","","1056","FA","","0","0","0","0","0","0","0","0","0","0","0","0.0","0"
"*0665b*","Pierria Henry","(N/A)","PG,SG,G","","1057","FA","","0","0","0","0","0","0","0","0","0","0","0","0.0","0"
"*02nfe*","John Henson","(N/A)","PF,F,C","","1058","FA","","0","0","0","0","0","0","0","0","0","0","0","0.0","0"
"*051q3*","Dewan Hernandez","(N/A)","C","","1059","FA","","0","0","0","0","0","0","0","0","0","0","0","0.0","0"
"*042nb*","Juancho Hernangomez","(N/A)","PF,F","","1060","FA","","0","0","0","0","0","0","0","0","0","0","0","0.0","0"
"*03r7p*","Willy Hernangomez","(N/A)","C","","1061","FA","","0","0","0","0","0","0","0","0","0","0","0","0.0","0"
"*04qsx*","Kevin Hervey","(N/A)","SF,PF,F","","1062","FA","","0","0","0","0","0","0","0","0","0","0","0","0.0","0"
"*04jw1*","Isaiah Hicks","(N/A)","PF,F","","1063","FA","","0","0","0","0","0","0","0","0","0","0","0","0.0","0"
"*04ylf*","Stephan Hicks","IND","SG,G","","1064","FA","","0","0","0","0","0","0","0","0","0","0","0","0.0","0"
"*079yq*","Cameron Hildreth","IND","PG,SG,G","","1065","FA","","0","0","0","0","0","0","0","0","0","0","0","0.0","0"
"*059fv*","Ahmed Hill","(N/A)","SG,G","","1066","FA","","0","0","0","0","0","0","0","0","0","0","0","0.0","0"
"*05wmn*","Malcolm Hill","(N/A)","SF,F","","1067","FA","","0","0","0","0","0","0","0","0","0","0","0","0.0","0"
"*031ma*","Solomon Hill","(N/A)","SG,G,SF,F","","1068","FA","","0","0","0","0","0","0","0","0","0","0","0","0.0","0"
"*059ck*","Amir Hinton","(N/A)","PG,G","","1069","FA","","0","0","0","0","0","0","0","0","0","0","0","0.0","0"
"*05qyw*","Nate Hinton","(N/A)","SG,G","","1070","FA","","0","0","0","0","0","0","0","0","0","0","0","0.0","0"
"*0522u*","Jaylen Hoard","(N/A)","SF,PF,F","","1071","FA","","0","0","0","0","0","0","0","0","0","0","0","0.0","0"
"*06cp1*","D'Moi Hodge","(N/A)","SG,G","","1072","FA","","0","0","0","0","0","0","0","0","0","0","0","0.0","0"
"*04qs0*","Aaron Holiday","(N/A)","PG,G","","1073","FA","","0","0","0","0","0","0","0","0","0","0","0","0.0","0"
"*03r7i*","Rondae Hollis-Jefferson","(N/A)","SF,F","","1074","FA","","0","0","0","0","0","0","0","0","0","0","0","0.0","0"
"*058zc*","Aric Holman","(N/A)","PF,F,C","","1075","FA","","0","0","0","0","0","0","0","0","0","0","0","0.0","0"
"*03trr*","Jonathan Holmes","(N/A)","PF,F","","1076","FA","","0","0","0","0","0","0","0","0","0","0","0","0.0","0"
"*03r7r*","Richaun Holmes","(N/A)","PF,F,C","","1077","FA","","0","0","0","0","0","0","0","0","0","0","0","0.0","0"
"*05qzk*","Caleb Homesley","(N/A)","SG,G","","1078","FA","","0","0","0","0","0","0","0","0","0","0","0","0.0","0"
"*059q3*","Daulton Hommes","(N/A)","SF,F","","1079","FA","","0","0","0","0","0","0","0","0","0","0","0","0.0","0"
"*027pk*","Tyler Honeycutt","(N/A)","SF,F","","1080","FA","","0","0","0","0","0","0","0","0","0","0","0","0.0","0"
"*03apy*","Rodney Hood","(N/A)","SG,G","","1081","FA","","0","0","0","0","0","0","0","0","0","0","0","0.0","0"
"*06cce*","Jalen Hood-Schifino","(N/A)","SG,G","","1082","FA","","0","0","0","0","0","0","0","0","0","0","0","0.0","0"
"*03c6y*","Scotty Hopson","(N/A)","SG,G","","1083","FA","","0","0","0","0","0","0","0","0","0","0","0","0.0","0"
"*06mof*","DJ Horne","(N/A)","PG,G","","1084","FA","","0","0","0","0","0","0","0","0","0","0","0","0.0","0"
"*0666a*","Jeriah Horne","(N/A)","SF,PF,F","","1085","FA","","0","0","0","0","0","0","0","0","0","0","0","0.0","0"
"*051pq*","Talen Horton-Tucker","(N/A)","SG,G","","1086","FA","","0","0","0","0","0","0","0","0","0","0","0","0.0","0"
"*04849*","Danuel House","(N/A)","SF,F","","1087","FA","","0","0","0","0","0","0","0","0","0","0","0","0.0","0"
"*05qui*","Markus Howard","(N/A)","SG,G","","1088","FA","","0","0","0","0","0","0","0","0","0","0","0","0.0","0"
"*052lc*","William Howard","(N/A)","SF,F","","1089","FA","","0","0","0","0","0","0","0","0","0","0","0","0.0","0"
"*038oh*","Richard Howell","(N/A)","PF,F","","1090","FA","","0","0","0","0","0","0","0","0","0","0","0","0.0","0"
"*06236*","Trevor Hudgins","(N/A)","PG,G","","1091","FA","","0","0","0","0","0","0","0","0","0","0","0","0.0","0"
"*03e6w*","Josh Huestis","(N/A)","SF,F","","1092","FA","","0","0","0","0","0","0","0","0","0","0","0","0.0","0"
"*05qta*","Elijah Hughes","(N/A)","SG,G","","1093","FA","","0","0","0","0","0","0","0","0","0","0","0","0.0","0"
"*04xlp*","Isaac Humphries","(N/A)","PF,F","","1094","FA","","0","0","0","0","0","0","0","0","0","0","0","0.0","0"
"*05ux6*","Feron Hunt","(N/A)","SF,F","","1095","FA","","0","0","0","0","0","0","0","0","0","0","0","0.0","0"
"*072ag*","Chase Hunter","(N/A)","SG,G","","1096","FA","","0","0","0","0","0","0","0","0","0","0","0","0.0","0"
"*03nwp*","R.J. Hunter","(N/A)","SG,G","","1097","FA","","0","0","0","0","0","0","0","0","0","0","0","0.0","0"
"*05uun*","Matthew Hurt","(N/A)","PF,F","","1098","FA","","0","0","0","0","0","0","0","0","0","0","0","0.0","0"
"*04qrz*","Chandler Hutchison","(N/A)","SF,PF,F","","1099","FA","","0","0","0","0","0","0","0","0","0","0","0","0.0","0"
"*005lo*","Serge Ibaka","(N/A)","PF,F,C","","1100","FA","","0","0","0","0","0","0","0","0","0","0","0","0.0","0"
"*03kqi*","Joe Ingles","(N/A)","SF,F","","1101","FA","","0","0","0","0","0","0","0","0","0","0","0","0.0","0"
"*03e6x*","Damien Inglis","(N/A)","SF,F","","1102","FA","","0","0","0","0","0","0","0","0","0","0","0","0.0","0"
"*079ys*","M.J. Iraldi","IND","SF,PF,F","","1103","FA","","0","0","0","0","0","0","0","0","0","0","0","0.0","0"
"*04ll4*","Ike Iroegbu","(N/A)","SG,G","","1104","FA","","0","0","0","0","0","0","0","0","0","0","0","0.0","0"
"*06214*","Jaden Ivey","(N/A)","SG,G","","1105","FA","","0","0","0","0","0","0","0","0","0","0","0","0.0","0"
"*04ewx*","Wes Iwundu","(N/A)","SG,G,SF,F","","1106","FA","","0","0","0","0","0","0","0","0","0","0","0","0.0","0"
"*042o4*","Demetrius Jackson","(N/A)","PG,G","","1107","FA","","0","0","0","0","0","0","0","0","0","0","0","0.0","0"
"*04ewv*","Frank Jackson","(N/A)","PG,G","","1108","FA","","0","0","0","0","0","0","0","0","0","0","0","0.0","0"
"*03llx*","Josh Jackson","(N/A)","SF,F","","1109","FA","","0","0","0","0","0","0","0","0","0","0","0","0.0","0"
"*04ewg*","Justin Jackson","(N/A)","SF,F","","1110","FA","","0","0","0","0","0","0","0","0","0","0","0","0.0","0"
"*04qsk*","Justin Jackson","ORL","SF,PF,F","","1111","FA","","0","0","0","0","0","0","0","0","0","0","0","0.0","0"
"*031ms*","Pierre Jackson","(N/A)","PG,G","","1112","FA","","0","0","0","0","0","0","0","0","0","0","0","0.0","0"
"*027p9*","Reggie Jackson","(N/A)","PG,G","","1113","FA","","0","0","0","0","0","0","0","0","0","0","0","0.0","0"
"*06moo*","Josiah-Jordan James","(N/A)","PG,SG,G","","1114","FA","","0","0","0","0","0","0","0","0","0","0","0","0.0","0"
"*051pk*","Justin James","(N/A)","SG,G,SF,F","","1115","FA","","0","0","0","0","0","0","0","0","0","0","0","0.0","0"
"*041f7*","Mike James","(N/A)","PG,G","","1116","FA","","0","0","0","0","0","0","0","0","0","0","0","0.0","0"
"*0483j*","Stefan Jankovic","(N/A)","PF,F","","1117","FA","","0","0","0","0","0","0","0","0","0","0","0","0.0","0"
"*04exl*","Ognen Jaramaz","NY","PG,G","","1118","FA","PHI Tue 4:00PM","0","0","0","0","0","0","0","0","0","0","0","0.0","0"
"*05uxx*","DeJon Jarreau","(N/A)","SG,G","","1119","FA","","0","0","0","0","0","0","0","0","0","0","0","0.0","0"
"*031me*","Livio Jean-Charles","(N/A)","SF,PF,F","","1120","FA","","0","0","0","0","0","0","0","0","0","0","0","0.0","0"
"*049s7*","Jonathan Jeanne","(N/A)","C","","1121","FA","","0","0","0","0","0","0","0","0","0","0","0","0.0","0"
"*04l1w*","Amile Jefferson","(N/A)","PF,F","","1122","FA","","0","0","0","0","0","0","0","0","0","0","0","0.0","0"
"*05xoc*","Damien Jefferson","(N/A)","SF,PF,F","","1123","FA","","0","0","0","0","0","0","0","0","0","0","0","0.0","0"
"*055sg*","DaQuan Jeffries","(N/A)","SG,G","","1124","FA","","0","0","0","0","0","0","0","0","0","0","0","0.0","0"
"*06375*","Drake Jeffries","(N/A)","PG,SG,G","","1125","FA","","0","0","0","0","0","0","0","0","0","0","0","0.0","0"
"*02nfn*","John Jenkins","(N/A)","SG,G,SF,F","","1126","FA","","0","0","0","0","0","0","0","0","0","0","0","0.0","0"
"*01enu*","Brandon Jennings","(N/A)","PG,G","","1127","FA","","0","0","0","0","0","0","0","0","0","0","0","0.0","0"
"*05qu2*","Justinian Jessup","(N/A)","SG,G","","1128","FA","","0","0","0","0","0","0","0","0","0","0","0","0.0","0"
"*0623j*","Theo John","(N/A)","PF,F","","1129","FA","","0","0","0","0","0","0","0","0","0","0","0","0.0","0"
"*04qsq*","Alize Johnson","(N/A)","SF,PF,F","","1130","FA","","0","0","0","0","0","0","0","0","0","0","0","0.0","0"
"*04w4k*","BJ Johnson","(N/A)","SF,F","","1131","FA","","0","0","0","0","0","0","0","0","0","0","0","0.0","0"
"*042nk*","Brice Johnson","(N/A)","PF,F","","1132","FA","","0","0","0","0","0","0","0","0","0","0","0","0.0","0"
"*03r81*","Dakari Johnson","(N/A)","C","","1133","FA","","0","0","0","0","0","0","0","0","0","0","0","0.0","0"
"*05ujl*","David Johnson","(N/A)","PG,SG,G","","1134","FA","","0","0","0","0","0","0","0","0","0","0","0","0.0","0"
"*067x0*","Jalen Johnson","(N/A)","SG,G","","1135","FA","","0","0","0","0","0","0","0","0","0","0","0","0.0","0"
"*01en7*","James Johnson","(N/A)","PF,F","","1136","FA","","0","0","0","0","0","0","0","0","0","0","0","0.0","0"
"*06hht*","Javan Johnson","(N/A)","SF,PF,F","","1137","FA","","0","0","0","0","0","0","0","0","0","0","0","0.0","0"
"*04lbu*","Jaylen Johnson","(N/A)","SF,F","","1138","FA","","0","0","0","0","0","0","0","0","0","0","0","0.0","0"
"*05uiv*","Keon Johnson","(N/A)","PG,SG,G","","1139","FA","","0","0","0","0","0","0","0","0","0","0","0","0.0","0"
"*06cd7*","Keyontae Johnson","(N/A)","SF,F","","1140","FA","","0","0","0","0","0","0","0","0","0","0","0","0.0","0"
"*03e76*","Nick Johnson","(N/A)","SG,G","","1141","FA","","0","0","0","0","0","0","0","0","0","0","0","0.0","0"
"*03nwj*","Stanley Johnson","(N/A)","SF,F","","1142","FA","","0","0","0","0","0","0","0","0","0","0","0","0.0","0"
"*03hz1*","Tyler Johnson","(N/A)","PG,G","","1143","FA","","0","0","0","0","0","0","0","0","0","0","0","0.0","0"
"*02ngj*","Darius Johnson-Odom","(N/A)","SG,G","","1144","FA","","0","0","0","0","0","0","0","0","0","0","0","0.0","0"
"*06hsk*","Jarkel Joiner","(N/A)","PG,G","","1145","FA","","0","0","0","0","0","0","0","0","0","0","0","0.0","0"
"*04l1s*","Peter Jok","(N/A)","PG,G","","1146","FA","","0","0","0","0","0","0","0","0","0","0","0","0.0","0"
"*05uj8*","Rokas Jokubaitis","(N/A)","PG,SG,G","","1147","FA","","0","0","0","0","0","0","0","0","0","0","0","0.0","0"
"*05ux5*","Carlik Jones","(N/A)","PG,G","","1148","FA","","0","0","0","0","0","0","0","0","0","0","0","0.0","0"
"*06cdj*","Colby Jones","(N/A)","SG,G","","1149","FA","","0","0","0","0","0","0","0","0","0","0","0","0.0","0"
"*042nr*","Damian Jones","(N/A)","C","","1150","FA","","0","0","0","0","0","0","0","0","0","0","0","0.0","0"
"*0484k*","Jalen Jones","(N/A)","SG,G,SF,F","","1151","FA","","0","0","0","0","0","0","0","0","0","0","0","0.0","0"
"*04za3*","Jemerrio Jones","(N/A)","SG,G,SF,F","","1152","FA","","0","0","0","0","0","0","0","0","0","0","0","0.0","0"
"*05uit*","Kai Jones","(N/A)","C","","1153","FA","","0","0","0","0","0","0","0","0","0","0","0","0.0","0"
"*06mon*","Lance Jones","(N/A)","PG,SG,G","","1154","FA","","0","0","0","0","0","0","0","0","0","0","0","0.0","0"
"*05qy1*","Mason Jones","(N/A)","SG,G","","1155","FA","","0","0","0","0","0","0","0","0","0","0","0","0.0","0"
"*02nfs*","Perry Jones","(N/A)","SF,PF,F","","1156","FA","","0","0","0","0","0","0","0","0","0","0","0","0.0","0"
"*02nfi*","Terrence Jones","HOU","SF,PF,F","","1157","FA","","0","0","0","0","0","0","0","0","0","0","0","0.0","0"
"*06hik*","Tevian Jones","(N/A)","PG,SG,G","","1158","FA","","0","0","0","0","0","0","0","0","0","0","0","0.0","0"
"*027pf*","Cory Joseph","(N/A)","PG,G","","1159","FA","","0","0","0","0","0","0","0","0","0","0","0","0.0","0"
"*06hki*","Keshawn Justice","(N/A)","SF,PF,F","","1160","FA","","0","0","0","0","0","0","0","0","0","0","0","0.0","0"
"*0623d*","Johnny Juzang","(N/A)","SG,G,SF,F","","1161","FA","","0","0","0","0","0","0","0","0","0","0","0","0.0","0"
"*04exn*","Alpha Kaba","ATL","PF,F","","1162","FA","","0","0","0","0","0","0","0","0","0","0","0","0.0","0"
"*051p7*","Mfiondu Kabengele","(N/A)","PF,F,C","","1163","FA","","0","0","0","0","0","0","0","0","0","0","0","0.0","0"
"*0393u*","Myck Kabongo","(N/A)","PG,G","","1164","FA","","0","0","0","0","0","0","0","0","0","0","0","0.0","0"
"*05ujy*","Georgios Kalaitzakis","(N/A)","SF,F","","1165","FA","","0","0","0","0","0","0","0","0","0","0","0","0.0","0"
"*04414*","Nikola Kalinic","(N/A)","SF,F","","1166","FA","","0","0","0","0","0","0","0","0","0","0","0","0.0","0"
"*06hrt*","Gabe Kalscheur","(N/A)","PG,SG,G","","1167","FA","","0","0","0","0","0","0","0","0","0","0","0","0.0","0"
"*06229*","Ismael Kamagate","(N/A)","C","","1168","FA","","0","0","0","0","0","0","0","0","0","0","0","0.0","0"
"*03nwo*","Frank Kaminsky","(N/A)","C","","1169","FA","","0","0","0","0","0","0","0","0","0","0","0","0.0","0"
"*03hz2*","Michalis Kamperidis","(N/A)","SF,F","","1170","FA","","0","0","0","0","0","0","0","0","0","0","0","0.0","0"
"*027p2*","Enes Kanter","(N/A)","C","","1171","FA","","0","0","0","0","0","0","0","0","0","0","0","0.0","0"
"*06225*","Trevor Keels","MIA","SG,G","","1172","FA","","0","0","0","0","0","0","0","0","0","0","0","0.0","0"
"*06pst*","Kylor Kelley","(N/A)","C","","1173","FA","","0","0","0","0","0","0","0","0","0","0","0","0.0","0"
"*06vxx*","Miles Kelly","(N/A)","PG,G","","1174","FA","","0","0","0","0","0","0","0","0","0","0","0","0.0","0"
"*02j7d*","D.J. Kennedy","(N/A)","SG,G,SF,F","","1175","FA","","0","0","0","0","0","0","0","0","0","0","0","0.0","0"
"*05ycx*","Braxton Key","(N/A)","SF,F","","1176","FA","","0","0","0","0","0","0","0","0","0","0","0","0.0","0"
"*074lu*","Tyreke Key","(N/A)","SG,G","","1177","FA","","0","0","0","0","0","0","0","0","0","0","0","0.0","0"
"*052ld*","Stanton Kidd","(N/A)","PF,F","","1178","FA","","0","0","0","0","0","0","0","0","0","0","0","0.0","0"
"*02nf2*","Michael Kidd-Gilchrist","(N/A)","SF,F","","1179","FA","","0","0","0","0","0","0","0","0","0","0","0","0.0","0"
"*06376*","Sacha Killeya-Jones","(N/A)","SF,PF,F","","1180","FA","","0","0","0","0","0","0","0","0","0","0","0","0.0","0"
"*03lg0*","Sean Kilpatrick","(N/A)","PG,SG,G","","1181","FA","","0","0","0","0","0","0","0","0","0","0","0","0.0","0"
"*04qsz*","George King","(N/A)","SG,G,SF,F","","1182","FA","","0","0","0","0","0","0","0","0","0","0","0","0.0","0"
"*059qc*","Louis King","(N/A)","SF,F","","1183","FA","","0","0","0","0","0","0","0","0","0","0","0","0.0","0"
"*06ces*","Mojave King","(N/A)","SG,G","","1184","FA","","0","0","0","0","0","0","0","0","0","0","0","0.0","0"
"*059cl*","V.J. King","(N/A)","SG,G","","1185","FA","","0","0","0","0","0","0","0","0","0","0","0","0.0","0"
"*06hif*","Taevion Kinsey","(N/A)","PG,SG,G","","1186","FA","","0","0","0","0","0","0","0","0","0","0","0","0.0","0"
"*0663u*","Noah Kirkwood","(N/A)","PG,SG,G","","1187","FA","","0","0","0","0","0","0","0","0","0","0","0","0.0","0"
"*0665a*","Reggie Kissoonlal","(N/A)","SF,PF,F","","1188","FA","","0","0","0","0","0","0","0","0","0","0","0","0.0","0"
"*04jw4*","Maxi Kleber","(N/A)","PF,F,C","","1189","FA","","0","0","0","0","0","0","0","0","0","0","0","0.0","0"
"*06mlj*","Bobi Klintman","(N/A)","SF,PF,F","","1190","FA","","0","0","0","0","0","0","0","0","0","0","0","0.0","0"
"*027or*","Brandon Knight","(N/A)","PG,SG,G","","1191","FA","","0","0","0","0","0","0","0","0","0","0","0","0.0","0"
"*05qts*","Nathan Knight","(N/A)","PF,F","","1192","FA","","0","0","0","0","0","0","0","0","0","0","0","0.0","0"
"*049kh*","Kevin Knox","(N/A)","SF,F","","1193","FA","","0","0","0","0","0","0","0","0","0","0","0","0.0","0"
"*04jw9*","Bronson Koenig","(N/A)","SG,G","","1194","FA","","0","0","0","0","0","0","0","0","0","0","0","0.0","0"
"*059cb*","Sagaba Konate","(N/A)","SF,F","","1195","FA","","0","0","0","0","0","0","0","0","0","0","0","0.0","0"
"*06q9l*","Miller Kopp","(N/A)","SF,PF,F","","1196","FA","","0","0","0","0","0","0","0","0","0","0","0","0.0","0"
"*05ujv*","Balsa Koprivica","(N/A)","C","","1197","FA","","0","0","0","0","0","0","0","0","0","0","0","0.0","0"
"*042nl*","Furkan Korkmaz","(N/A)","SG,G","","1198","FA","","0","0","0","0","0","0","0","0","0","0","0","0.0","0"
"*059g1*","Christ Koumadje","(N/A)","C","","1199","FA","","0","0","0","0","0","0","0","0","0","0","0","0.0","0"
"*059ik*","David Kramer","(N/A)","PG,G","","1200","FA","","0","0","0","0","0","0","0","0","0","0","0","0.0","0"
"*06452*","Tommy Kuhse","(N/A)","PG,SG,G","","1201","FA","","0","0","0","0","0","0","0","0","0","0","0","0.0","0"
"*04qsv*","Arnoldas Kulboka","(N/A)","SF,F","","1202","FA","","0","0","0","0","0","0","0","0","0","0","0","0.0","0"
"*04qsh*","Rodions Kurucs","(N/A)","SF,PF,F","","1203","FA","","0","0","0","0","0","0","0","0","0","0","0","0.0","0"
"*043pn*","Mindaugas Kuzminskas","(N/A)","SF,PF,F","","1204","FA","","0","0","0","0","0","0","0","0","0","0","0","0.0","0"
"*03se2*","Michale Kyser","(N/A)","PF,F","","1205","FA","","0","0","0","0","0","0","0","0","0","0","0","0.0","0"
"*059y6*","Trevor Lacey","(N/A)","PG,G","","1206","FA","","0","0","0","0","0","0","0","0","0","0","0","0.0","0"
"*05qvg*","Anthony Lamb","(N/A)","SF,F","","1207","FA","","0","0","0","0","0","0","0","0","0","0","0","0.0","0"
"*02nfc*","Jeremy Lamb","(N/A)","SG,G","","1208","FA","","0","0","0","0","0","0","0","0","0","0","0","0.0","0"
"*051ou*","Romeo Langford","(N/A)","SG,G","","1209","FA","","0","0","0","0","0","0","0","0","0","0","0","0.0","0"
"*049dw*","Nicolas Laprovittola","(N/A)","PG,G","","1210","FA","","0","0","0","0","0","0","0","0","0","0","0","0.0","0"
"*031m5*","Shane Larkin","(N/A)","PG,G","","1211","FA","","0","0","0","0","0","0","0","0","0","0","0","0.0","0"
"*04tm1*","Terry Larrier","(N/A)","PF,F","","1212","FA","","0","0","0","0","0","0","0","0","0","0","0","0.0","0"
"*031n5*","Joffrey Lauvergne","(N/A)","PF,F,C","","1213","FA","","0","0","0","0","0","0","0","0","0","0","0","0.0","0"
"*055sh*","Vic Law","(N/A)","PG,G,SF,F","","1214","FA","","0","0","0","0","0","0","0","0","0","0","0","0.0","0"
"*05uwa*","A.J. Lawson","(N/A)","SG,G","","1215","FA","","0","0","0","0","0","0","0","0","0","0","0","0.0","0"
"*059q4*","Dedric Lawson","(N/A)","SF,PF,F","","1216","FA","","0","0","0","0","0","0","0","0","0","0","0","0.0","0"
"*042o6*","Jake Layman","(N/A)","SF,F","","1217","FA","","0","0","0","0","0","0","0","0","0","0","0","0.0","0"
"*04ewj*","T.J. Leaf","(N/A)","PF,F","","1219","FA","","0","0","0","0","0","0","0","0","0","0","0","0.0","0"
"*0524h*","Jalen Lecque","(N/A)","PG,SG,G","","1220","FA","","0","0","0","0","0","0","0","0","0","0","0","0.0","0"
"*06psp*","Jaedon LeDee","(N/A)","SF,F","","1218","FA","","0","0","0","0","0","0","0","0","0","0","0","0.0","0"
"*0484l*","Damion Lee","(N/A)","SG,G","","1221","FA","","0","0","0","0","0","0","0","0","0","0","0","0.0","0"
"*07a21*","Hyunjung Lee","POR","SG,G","R","1222","FA","","0","0","0","0","0","0","0","0","0","0","0","0.0","0"
"*04uwn*","Marcus Lee","(N/A)","C","","1223","FA","","0","0","0","0","0","0","0","0","0","0","0","0.0","0"
"*05qu4*","Saben Lee","(N/A)","PG,G","","1224","FA","","0","0","0","0","0","0","0","0","0","0","0","0.0","0"
"*04mus*","Walt Lemon Jr.","(N/A)","SF,F","","1225","FA","","0","0","0","0","0","0","0","0","0","0","0","0.0","0"
"*031ls*","Alex Len","(N/A)","C","","1226","FA","","0","0","0","0","0","0","0","0","0","0","0","0.0","0"
"*02nfb*","Meyers Leonard","(N/A)","C","","1227","FA","","0","0","0","0","0","0","0","0","0","0","0","0.0","0"
"*04exd*","Mathias Lessort","(N/A)","PF,F","","1228","FA","","0","0","0","0","0","0","0","0","0","0","0","0.0","0"
"*0623f*","Justin Lewis","(N/A)","PF,F","","1229","FA","","0","0","0","0","0","0","0","0","0","0","0","0.0","0"
"*05qtc*","Kira Lewis","(N/A)","PG,G","","1230","FA","","0","0","0","0","0","0","0","0","0","0","0","0.0","0"
"*076ug*","Malique Lewis","MIL","PF,F","R","1231","FA","","0","0","0","0","0","0","0","0","0","0","0","0.0","0"
"*05wy5*","Matt Lewis","(N/A)","SG,G","","1232","FA","","0","0","0","0","0","0","0","0","0","0","0","0.0","0"
"*06cdg*","Maxwell Lewis","(N/A)","SF,F","","1233","FA","","0","0","0","0","0","0","0","0","0","0","0","0.0","0"
"*05uju*","Scottie Lewis","(N/A)","PG,SG,G","","1234","FA","","0","0","0","0","0","0","0","0","0","0","0","0.0","0"
"*06224*","E.J. Liddell","(N/A)","PF,F","","1235","FA","","0","0","0","0","0","0","0","0","0","0","0","0.0","0"
"*06h8i*","Scottie Lindsey","(N/A)","SG,G","","1236","FA","","0","0","0","0","0","0","0","0","0","0","0","0.0","0"
"*051p5*","Nassir Little","(N/A)","PF,F","","1237","FA","","0","0","0","0","0","0","0","0","0","0","0","0.0","0"
"*05ujg*","Isaiah Livers","PHO","PF,F","","1238","FA","","0","0","0","0","0","0","0","0","0","0","0","0.0","0"
"*06cde*","Chris Livingston","(N/A)","SF,F","","1239","FA","","0","0","0","0","0","0","0","0","0","0","0","0.0","0"
"*06235*","Kenneth Lofton","(N/A)","PF,F","","1240","FA","","0","0","0","0","0","0","0","0","0","0","0","0.0","0"
"*04vy1*","Zach Lofton","(N/A)","SG,G","","1241","FA","","0","0","0","0","0","0","0","0","0","0","0","0.0","0"
"*04846*","Shawn Long","(N/A)","PF,F,C","","1242","FA","","0","0","0","0","0","0","0","0","0","0","0","0.0","0"
"*051pf*","Didi Louzada","(N/A)","SG,G","","1243","FA","","0","0","0","0","0","0","0","0","0","0","0","0.0","0"
"*005kd*","Kevin Love","(N/A)","PF,F,C","","1244","FA","","0","0","0","0","0","0","0","0","0","0","0","0.0","0"
"*07232*","Lawson Lovering","(N/A)","C","","1245","FA","","0","0","0","0","0","0","0","0","0","0","0","0.0","0"
"*0015b*","Kyle Lowry","(N/A)","PG,G","","1246","FA","","0","0","0","0","0","0","0","0","0","0","0","0.0","0"
"*04uq4*","Jordan Loyd","(N/A)","PG,G","","1247","FA","","0","0","0","0","0","0","0","0","0","0","0","0.0","0"
"*06vxz*","RJ Luis","(N/A)","SG,G,SF,F","","1248","FA","","0","0","0","0","0","0","0","0","0","0","0","0.0","0"
"*060me*","Iffe Lundberg","(N/A)","SG,G","","1249","FA","","0","0","0","0","0","0","0","0","0","0","0","0.0","0"
"*06cd0*","Seth Lundy","(N/A)","SF,F","","1250","FA","","0","0","0","0","0","0","0","0","0","0","0","0.0","0"
"*042nj*","Timothe Luwawu-Cabarrot","(N/A)","SF,F","","1251","FA","","0","0","0","0","0","0","0","0","0","0","0","0.0","0"
"*04ewo*","Tyler Lydon","(N/A)","PF,F","","1252","FA","","0","0","0","0","0","0","0","0","0","0","0","0.0","0"
"*043cl*","Sheldon Mac","(N/A)","SG,G","","1253","FA","","0","0","0","0","0","0","0","0","0","0","0","0.0","0"
"*02wcx*","Scott Machado","LAL","PG,SG,G","","1254","FA","","0","0","0","0","0","0","0","0","0","0","0","0.0","0"
"*027pj*","Shelvin Mack","(N/A)","PG,G","","1255","FA","","0","0","0","0","0","0","0","0","0","0","0","0.0","0"
"*04xgh*","Daryl Macon","(N/A)","PG,G","","1256","FA","","0","0","0","0","0","0","0","0","0","0","0","0.0","0"
"*04xhr*","J.P. Macura","CLE","SG,G","","1257","FA","","0","0","0","0","0","0","0","0","0","0","0","0.0","0"
"*05qt2*","Yam Madar","(N/A)","PG,G","","1258","FA","","0","0","0","0","0","0","0","0","0","0","0","0.0","0"
"*0728o*","Gabe Madsen","(N/A)","PG,SG,G","","1259","FA","","0","0","0","0","0","0","0","0","0","0","0","0.0","0"
"*03zl4*","Josh Magette","(N/A)","PG,G","","1260","FA","","0","0","0","0","0","0","0","0","0","0","0","0.0","0"
"*05qz2*","Will Magnay","(N/A)","SF,PF,F,C","","1261","FA","","0","0","0","0","0","0","0","0","0","0","0","0.0","0"
"*05xn9*","Denzel Mahoney","(N/A)","SG,G","","1262","FA","","0","0","0","0","0","0","0","0","0","0","0","0.0","0"
"*063rs*","Makur Maker","(N/A)","C","","1263","FA","","0","0","0","0","0","0","0","0","0","0","0","0.0","0"
"*059y7*","Matur Maker","(N/A)","C","","1264","FA","","0","0","0","0","0","0","0","0","0","0","0","0.0","0"
"*03lgm*","Thon Maker","(N/A)","PF,F,C","","1265","FA","","0","0","0","0","0","0","0","0","0","0","0","0.0","0"
"*06hqq*","Hunter Maldonado","(N/A)","SG,G","","1266","FA","","0","0","0","0","0","0","0","0","0","0","0","0.0","0"
"*05qsr*","Theo Maledon","(N/A)","PG,G","","1267","FA","","0","0","0","0","0","0","0","0","0","0","0","0.0","0"
"*05qy9*","Karim Mane","(N/A)","PG,G","","1268","FA","","0","0","0","0","0","0","0","0","0","0","0","0.0","0"
"*06hpm*","Kyle Mangas","(N/A)","PG,G","","1269","FA","","0","0","0","0","0","0","0","0","0","0","0","0.0","0"
"*05qu3*","Nico Mannion","(N/A)","PG,G","","1270","FA","","0","0","0","0","0","0","0","0","0","0","0","0.0","0"
"*03e7j*","Devyn Marble","(N/A)","SG,G,SF,F","","1271","FA","","0","0","0","0","0","0","0","0","0","0","0","0.0","0"
"*06z7s*","Augustas Marciulionis","(N/A)","PG,SG,G","","1272","FA","","0","0","0","0","0","0","0","0","0","0","0","0.0","0"
"*051q4*","Vanja Marinkovic","(N/A)","SG,G,SF,F","","1273","FA","","0","0","0","0","0","0","0","0","0","0","0","0.0","0"
"*03trs*","Derrick Marks","(N/A)","SG,G","","1274","FA","","0","0","0","0","0","0","0","0","0","0","0","0.0","0"
"*051pg*","Cody Martin","(N/A)","SG,G,SF,PF,F","","1275","FA","","0","0","0","0","0","0","0","0","0","0","0","0.0","0"
"*03r7j*","Jarell Martin","(N/A)","PF,F,C","","1276","FA","","0","0","0","0","0","0","0","0","0","0","0","0.0","0"
"*06ceo*","Jaylen Martin","(N/A)","SF,F","","1277","FA","","0","0","0","0","0","0","0","0","0","0","0","0.0","0"
"*052c4*","Jeremiah Martin","(N/A)","PG,G","","1278","FA","","0","0","0","0","0","0","0","0","0","0","0","0.0","0"
"*057a2*","Kelan Martin","(N/A)","SF,PF,F","","1279","FA","","0","0","0","0","0","0","0","0","0","0","0","0.0","0"
"*05qym*","Kenyon Martin","(N/A)","SF,F","","1280","FA","","0","0","0","0","0","0","0","0","0","0","0","0.0","0"
"*0622e*","Tyrese Martin","PHI","SG,G","","1281","FA","@NY Tue 4:00PM","0","0","0","0","0","0","0","0","0","0","0","0.0","0"
"*0725c*","Mitch Mascari","(N/A)","PG,SG,G","","1282","FA","","0","0","0","0","0","0","0","0","0","0","0","0.0","0"
"*04ewy*","Frank Mason","(N/A)","PG,G","","1283","FA","","0","0","0","0","0","0","0","0","0","0","0","0.0","0"
"*06moe*","Yauhen Massalski","(N/A)","PF,F","","1284","FA","","0","0","0","0","0","0","0","0","0","0","0","0.0","0"
"*059vz*","CJ Massinburg","(N/A)","PG,G","","1285","FA","","0","0","0","0","0","0","0","0","0","0","0","0.0","0"
"*04xgl*","Yante Maten","(N/A)","SF,F","","1286","FA","","0","0","0","0","0","0","0","0","0","0","0","0.0","0"
"*052fs*","Garrison Mathews","(N/A)","SG,G,SF,F","","1287","FA","","0","0","0","0","0","0","0","0","0","0","0","0.0","0"
"*04jw2*","Mangok Mathiang","(N/A)","PF,F,C","","1288","FA","","0","0","0","0","0","0","0","0","0","0","0","0.0","0"
"*055c5*","Dakota Mathias","(N/A)","SG,G","","1289","FA","","0","0","0","0","0","0","0","0","0","0","0","0.0","0"
"*06yb4*","Cameron Matthews","(N/A)","SF,PF,F","","1290","FA","","0","0","0","0","0","0","0","0","0","0","0","0.0","0"
"*05qyo*","Charles Matthews","(N/A)","PG,SG,G","","1291","FA","","0","0","0","0","0","0","0","0","0","0","0","0.0","0"
"*055c6*","Luke Maye","(N/A)","PF,F","","1292","FA","","0","0","0","0","0","0","0","0","0","0","0","0.0","0"
"*06he0*","Matthew Mayer","(N/A)","PF,F","","1293","FA","","0","0","0","0","0","0","0","0","0","0","0","0.0","0"
"*05qtu*","Skylar Mays","(N/A)","SG,G","","1294","FA","","0","0","0","0","0","0","0","0","0","0","0","0.0","0"
"*03jvs*","James Michael McAdoo","(N/A)","PF,F","","1295","FA","","0","0","0","0","0","0","0","0","0","0","0","0.0","0"
"*04ll1*","Tahjere McCall","(N/A)","SG,G","","1296","FA","","0","0","0","0","0","0","0","0","0","0","0","0.0","0"
"*042ny*","Patrick McCaw","(N/A)","SG,G,SF,F","","1297","FA","","0","0","0","0","0","0","0","0","0","0","0","0.0","0"
"*06hrm*","Caleb McConnell","(N/A)","SG,G","","1298","FA","","0","0","0","0","0","0","0","0","0","0","0","0.0","0"
"*04uq7*","Brandon McCoy","(N/A)","C","","1299","FA","","0","0","0","0","0","0","0","0","0","0","0","0.0","0"
"*06304*","Javante McCoy","(N/A)","PG,SG,G","","1300","FA","","0","0","0","0","0","0","0","0","0","0","0","0.0","0"
"*04lci*","Erik McCree","(N/A)","SF,F","","1301","FA","","0","0","0","0","0","0","0","0","0","0","0","0.0","0"
"*06mm2*","Kevin McCullar","NY","SF,F","","1302","FA","PHI Tue 4:00PM","0","0","0","0","0","0","0","0","0","0","0","0.0","0"
"*03ad6*","Chris McCullough","(N/A)","PF,F","","1303","FA","","0","0","0","0","0","0","0","0","0","0","0","0.0","0"
"*051pw*","Jalen McDaniels","(N/A)","SF,F","","1304","FA","","0","0","0","0","0","0","0","0","0","0","0","0.0","0"
"*03e6y*","K.J. McDaniels","(N/A)","SF,F","","1305","FA","","0","0","0","0","0","0","0","0","0","0","0","0.0","0"
"*03avi*","Doug McDermott","(N/A)","SF,F","","1306","FA","","0","0","0","0","0","0","0","0","0","0","0","0.0","0"
"*05qte*","Sean McDermott","(N/A)","SF,F","","1307","FA","","0","0","0","0","0","0","0","0","0","0","0","0.0","0"
"*059fy*","William McDowell-White","(N/A)","SG,G","","1308","FA","","0","0","0","0","0","0","0","0","0","0","0","0.0","0"
"*03e6p*","Mitch McGary","(N/A)","PF,F,C","","1309","FA","","0","0","0","0","0","0","0","0","0","0","0","0.0","0"
"*06fpq*","Darius McGhee","(N/A)","PG,G","","1310","FA","","0","0","0","0","0","0","0","0","0","0","0","0.0","0"
"*06prn*","Gabe McGlothan","(N/A)","SF,PF,F","","1311","FA","","0","0","0","0","0","0","0","0","0","0","0","0.0","0"
"*05xnj*","Cameron McGriff","(N/A)","SF,F","","1312","FA","","0","0","0","0","0","0","0","0","0","0","0","0.0","0"
"*0392f*","Rodney McGruder","(N/A)","SG,G","","1313","FA","","0","0","0","0","0","0","0","0","0","0","0","0.0","0"
"*04jwc*","Alfonzo McKinnie","(N/A)","SF,F","","1314","FA","","0","0","0","0","0","0","0","0","0","0","0","0.0","0"
"*05wc6*","JaQuori McLaughlin","(N/A)","PG,G","","1315","FA","","0","0","0","0","0","0","0","0","0","0","0","0.0","0"
"*031lu*","Ben McLemore","(N/A)","SG,G","","1316","FA","","0","0","0","0","0","0","0","0","0","0","0","0.0","0"
"*07a24*","Chance McMillian","(N/A)","PG,G","R","1317","FA","","0","0","0","0","0","0","0","0","0","0","0","0.0","0"
"*06mom*","Jamuni McNeace","(N/A)","C","","1318","FA","","0","0","0","0","0","0","0","0","0","0","0","0.0","0"
"*03e7m*","Jordan McRae","(N/A)","PG,SG,G","","1319","FA","","0","0","0","0","0","0","0","0","0","0","0","0.0","0"
"*06muu*","Jack McVeigh","(N/A)","PF,F","","1320","FA","","0","0","0","0","0","0","0","0","0","0","0","0.0","0"
"*04gwa*","Kennedy Meeks","(N/A)","C","","1321","FA","","0","0","0","0","0","0","0","0","0","0","0","0.0","0"
"*055bw*","Nicolo Melli","(N/A)","PF,F","","1322","FA","","0","0","0","0","0","0","0","0","0","0","0","0.0","0"
"*02nfm*","Fab Melo","(N/A)","C","","1323","FA","","0","0","0","0","0","0","0","0","0","0","0","0.0","0"
"*06hdz*","Nathan Mensah","(N/A)","SF,PF,F,C","","1324","FA","","0","0","0","0","0","0","0","0","0","0","0","0.0","0"
"*04qsp*","Chimezie Metu","(N/A)","C","","1325","FA","","0","0","0","0","0","0","0","0","0","0","0","0.0","0"
"*042nz*","David Michineau","LAC","PG,G","","1326","FA","","0","0","0","0","0","0","0","0","0","0","0","0.0","0"
"*03e7f*","Vasilije Micic","(N/A)","PG,G,SF,F","","1327","FA","","0","0","0","0","0","0","0","0","0","0","0","0.0","0"
"*03r7n*","Jordan Mickey","(N/A)","PF,F,C","","1328","FA","","0","0","0","0","0","0","0","0","0","0","0","0.0","0"
"*059cg*","Eric Mika","(N/A)","C","","1329","FA","","0","0","0","0","0","0","0","0","0","0","0","0.0","0"
"*059g2*","Isaiah Miles","(N/A)","SF,F","","1330","FA","","0","0","0","0","0","0","0","0","0","0","0","0.0","0"
"*06ceh*","Mike Miles","(N/A)","PG,G","","1331","FA","","0","0","0","0","0","0","0","0","0","0","0","0.0","0"
"*02nga*","Darius Miller","(N/A)","SG,G,SF,F","","1332","FA","","0","0","0","0","0","0","0","0","0","0","0","0.0","0"
"*05wy4*","Isaiah Miller","(N/A)","SG,G","","1333","FA","","0","0","0","0","0","0","0","0","0","0","0","0.0","0"
"*06cei*","Leonard Miller","CHI","SF,F","","1334","FA","","0","0","0","0","0","0","0","0","0","0","0","0.0","0"
"*03woz*","Malcolm Miller","(N/A)","SG,G,SF,PF,F","","1335","FA","","0","0","0","0","0","0","0","0","0","0","0","0.0","0"
"*06mol*","Seth Millner","(N/A)","SF,F","","1336","FA","","0","0","0","0","0","0","0","0","0","0","0","0.0","0"
"*01eog*","Patty Mills","(N/A)","PG,G","","1337","FA","","0","0","0","0","0","0","0","0","0","0","0","0.0","0"
"*04qsu*","Shake Milton","(N/A)","SG,G","","1338","FA","","0","0","0","0","0","0","0","0","0","0","0","0.0","0"
"*03r7k*","Nikola Milutinov","(N/A)","C","","1339","FA","","0","0","0","0","0","0","0","0","0","0","0","0.0","0"
"*06avs*","Justin Minaya","(N/A)","SF,F","","1340","FA","","0","0","0","0","0","0","0","0","0","0","0","0.0","0"
"*064to*","Davion Mintz","(N/A)","PG,SG,G","","1341","FA","","0","0","0","0","0","0","0","0","0","0","0","0.0","0"
"*06mou*","Judah Mintz","(N/A)","PG,SG,G","","1342","FA","","0","0","0","0","0","0","0","0","0","0","0","0.0","0"
"*027p8*","Nikola Mirotic","(N/A)","SF,PF,F","","1343","FA","","0","0","0","0","0","0","0","0","0","0","0","0.0","0"
"*06qf7*","Trhae Mitchell","(N/A)","PG,SG,G","","1344","FA","","0","0","0","0","0","0","0","0","0","0","0","0.0","0"
"*04l17*","Naz Mitrou-Long","(N/A)","PG,SG,G","","1345","FA","","0","0","0","0","0","0","0","0","0","0","0","0.0","0"
"*0622c*","Isaiah Mobley","(N/A)","PF,F","","1346","FA","","0","0","0","0","0","0","0","0","0","0","0","0.0","0"
"*06667*","Aminu Mohammed","(N/A)","PG,SG,G","","1347","FA","","0","0","0","0","0","0","0","0","0","0","0","0.0","0"
"*0524i*","Adam Mokoka","(N/A)","SG,G","","1348","FA","","0","0","0","0","0","0","0","0","0","0","0","0.0","0"
"*0623i*","Iverson Molinar","(N/A)","PG,G","","1349","FA","","0","0","0","0","0","0","0","0","0","0","0","0.0","0"
"*062xs*","Chima Moneke","(N/A)","SF,PF,F","","1350","FA","","0","0","0","0","0","0","0","0","0","0","0","0.0","0"
"*01uyg*","Greg Monroe","(N/A)","C","","1351","FA","","0","0","0","0","0","0","0","0","0","0","0","0.0","0"
"*03rxk*","Luis Montero","(N/A)","SF,F","","1352","FA","","0","0","0","0","0","0","0","0","0","0","0","0.0","0"
"*05qz8*","EJ Montgomery","(N/A)","SF,PF,F","","1353","FA","","0","0","0","0","0","0","0","0","0","0","0","0.0","0"
"*05ya2*","Xavier Moon","(N/A)","SG,G","","1354","FA","","0","0","0","0","0","0","0","0","0","0","0","0.0","0"
"*0590n*","Matt Mooney","(N/A)","PG,SG,G","","1355","FA","","0","0","0","0","0","0","0","0","0","0","0","0.0","0"
"*04j1u*","Ben Moore","(N/A)","SF,F","","1356","FA","","0","0","0","0","0","0","0","0","0","0","0","0.0","0"
"*04vxx*","Doral Moore","(N/A)","C","","1357","FA","","0","0","0","0","0","0","0","0","0","0","0","0.0","0"
"*0729i*","Isaih Moore","(N/A)","SF,PF,F","","1358","FA","","0","0","0","0","0","0","0","0","0","0","0","0.0","0"
"*06cej*","Omari Moore","(N/A)","SG,G,SF,F","","1359","FA","","0","0","0","0","0","0","0","0","0","0","0","0.0","0"
"*06ho4*","Taze Moore","(N/A)","SG,G","","1360","FA","","0","0","0","0","0","0","0","0","0","0","0","0.0","0"
"*0621p*","Wendell Moore","DET","SG,G,SF,F","","1361","FA","BOS Tue 12:00PM","0","0","0","0","0","0","0","0","0","0","0","0.0","0"
"*03gyn*","Eric Moreland","(N/A)","PF,F","","1362","FA","","0","0","0","0","0","0","0","0","0","0","0","0.0","0"
"*04jw7*","Jeremy Morgan","(N/A)","SG,G","","1363","FA","","0","0","0","0","0","0","0","0","0","0","0","0.0","0"
"*058a2*","Juwan Morgan","(N/A)","PF,F","","1364","FA","","0","0","0","0","0","0","0","0","0","0","0","0.0","0"
"*06mns*","Matt Morgan","(N/A)","PG,SG,G","","1365","FA","","0","0","0","0","0","0","0","0","0","0","0","0.0","0"
"*027pq*","Darius Morris","(N/A)","PG,SG,G","","1366","FA","","0","0","0","0","0","0","0","0","0","0","0","0.0","0"
"*04mx3*","Jaylen Morris","(N/A)","SG,G","","1367","FA","","0","0","0","0","0","0","0","0","0","0","0","0.0","0"
"*027oy*","Marcus Morris","(N/A)","PF,F","","1368","FA","","0","0","0","0","0","0","0","0","0","0","0","0.0","0"
"*027ox*","Markieff Morris","(N/A)","PF,F","","1369","FA","","0","0","0","0","0","0","0","0","0","0","0","0.0","0"
"*04exe*","Monte Morris","(N/A)","PG,G","","1370","FA","","0","0","0","0","0","0","0","0","0","0","0","0.0","0"
"*0663x*","Darryl Morsell","(N/A)","PG,SG,G","","1371","FA","","0","0","0","0","0","0","0","0","0","0","0","0.0","0"
"*027p5*","Donatas Motiejunas","(N/A)","PF,F,C","","1372","FA","","0","0","0","0","0","0","0","0","0","0","0","0.0","0"
"*04fj7*","Johnathan Motley","(N/A)","SF,PF,F","","1373","FA","","0","0","0","0","0","0","0","0","0","0","0","0.0","0"
"*05r1s*","Trey Mourning","(N/A)","PF,F","","1374","FA","","0","0","0","0","0","0","0","0","0","0","0","0.0","0"
"*03acz*","Emmanuel Mudiay","(N/A)","PG,G","","1375","FA","","0","0","0","0","0","0","0","0","0","0","0","0.0","0"
"*031m1*","Shabazz Muhammad","(N/A)","SG,G,SF,F","","1376","FA","","0","0","0","0","0","0","0","0","0","0","0","0.0","0"
"*05qz5*","Ade Murkey","(N/A)","PG,SG,G","","1377","FA","","0","0","0","0","0","0","0","0","0","0","0","0.0","0"
"*06moc*","Grayson Murphy","(N/A)","PG,SG,G","","1378","FA","","0","0","0","0","0","0","0","0","0","0","0","0.0","0"
"*059cx*","Jordan Murphy","(N/A)","SG,G","","1379","FA","","0","0","0","0","0","0","0","0","0","0","0","0.0","0"
"*0723j*","Matthew Murrell","(N/A)","PG,SG,G","","1380","FA","","0","0","0","0","0","0","0","0","0","0","0","0.0","0"
"*04qs6*","Dzanan Musa","(N/A)","SF,F","","1381","FA","","0","0","0","0","0","0","0","0","0","0","0","0.0","0"
"*042oh*","Abdel Nader","(N/A)","SF,PF,F","","1383","FA","","0","0","0","0","0","0","0","0","0","0","0","0.0","0"
"*06vy0*","Eli John Ndiaye","(N/A)","PF,F","","1384","FA","","0","0","0","0","0","0","0","0","0","0","0","0.0","0"
"*049ra*","Mamadou N'Diaye","(N/A)","C","","1382","FA","","0","0","0","0","0","0","0","0","0","0","0","0.0","0"
"*05wqk*","RJ Nembhard","(N/A)","SG,G","","1385","FA","","0","0","0","0","0","0","0","0","0","0","0","0.0","0"
"*031mx*","Raul Neto","(N/A)","PG,G","","1386","FA","","0","0","0","0","0","0","0","0","0","0","0","0.0","0"
"*03llw*","Malik Newman","(N/A)","PG,SG,G","","1387","FA","","0","0","0","0","0","0","0","0","0","0","0","0.0","0"
"*06mlv*","Tristen Newton","(N/A)","SG,G","","1388","FA","","0","0","0","0","0","0","0","0","0","0","0","0.0","0"
"*076tx*","Narcisse Ngoy","LAC","C","R","1389","FA","","0","0","0","0","0","0","0","0","0","0","0","0.0","0"
"*06va2*","Saliou Niang","(N/A)","SF,PF,F","","1390","FA","","0","0","0","0","0","0","0","0","0","0","0","0.0","0"
"*06moy*","Joirdon Nicholas","(N/A)","SF,PF,F","","1391","FA","","0","0","0","0","0","0","0","0","0","0","0","0.0","0"
"*05vyx*","Daishen Nix","(N/A)","PG,G","","1392","FA","","0","0","0","0","0","0","0","0","0","0","0","0.0","0"
"*06cbj*","James Nnaji","(N/A)","C","","1393","FA","","0","0","0","0","0","0","0","0","0","0","0","0.0","0"
"*04lbv*","Landry Nnoko","(N/A)","C","","1394","FA","","0","0","0","0","0","0","0","0","0","0","0","0.0","0"
"*031lt*","Nerlens Noel","(N/A)","C","","1395","FA","","0","0","0","0","0","0","0","0","0","0","0","0.0","0"
"*06eoe*","Obadiah Noel","(N/A)","SG,G","","1396","FA","","0","0","0","0","0","0","0","0","0","0","0","0.0","0"
"*031m3*","Lucas Nogueira","(N/A)","PF,F,C","","1397","FA","","0","0","0","0","0","0","0","0","0","0","0","0.0","0"
"*06hhm*","Landers Nolley","(N/A)","SG,G","","1398","FA","","0","0","0","0","0","0","0","0","0","0","0","0.0","0"
"*06cp3*","Miles Norris","(N/A)","PF,F","","1399","FA","","0","0","0","0","0","0","0","0","0","0","0","0.0","0"
"*0522v*","Zach Norvell","(N/A)","SG,G","","1400","FA","","0","0","0","0","0","0","0","0","0","0","0","0.0","0"
"*051pn*","Jaylen Nowell","(N/A)","SG,G","","1401","FA","","0","0","0","0","0","0","0","0","0","0","0","0.0","0"
"*06cer*","Markquis Nowell","(N/A)","PG,SG,G","","1402","FA","","0","0","0","0","0","0","0","0","0","0","0","0.0","0"
"*04416*","Frank Ntilikina","(N/A)","PG,G","","1403","FA","","0","0","0","0","0","0","0","0","0","0","0","0.0","0"
"*06mli*","Juan Nunez","(N/A)","PG,SG,G","","1404","FA","","0","0","0","0","0","0","0","0","0","0","0","0.0","0"
"*04xgj*","Kendrick Nunn","(N/A)","PG,G","","1405","FA","","0","0","0","0","0","0","0","0","0","0","0","0.0","0"
"*0393n*","James Nunnally","(N/A)","SF,F","","1406","FA","","0","0","0","0","0","0","0","0","0","0","0","0.0","0"
"*04aqo*","David Nwaba","(N/A)","SF,F","","1407","FA","","0","0","0","0","0","0","0","0","0","0","0","0.0","0"
"*05qt6*","Jordan Nwora","(N/A)","SF,F","","1408","FA","","0","0","0","0","0","0","0","0","0","0","0","0.0","0"
"*0622h*","Yannick Nzosa","(N/A)","C","","1409","FA","","0","0","0","0","0","0","0","0","0","0","0","0.0","0"
"*03siq*","JJ O'Brien","(N/A)","SF,F","","1410","FA","","0","0","0","0","0","0","0","0","0","0","0","0.0","0"
"*03e72*","Johnny O'Bryant III","(N/A)","PF,F","","1411","FA","","0","0","0","0","0","0","0","0","0","0","0","0.0","0"
"*0484a*","Daniel Ochefu","(N/A)","C","","1415","FA","","0","0","0","0","0","0","0","0","0","0","0","0.0","0"
"*06669*","Alex O'Connell","(N/A)","PG,SG,G","","1412","FA","","0","0","0","0","0","0","0","0","0","0","0","0.0","0"
"*059il*","Norense Odiase","(N/A)","C","","1416","FA","","0","0","0","0","0","0","0","0","0","0","0","0.0","0"
"*06qfk*","Josh Oduro","NO","PF,F","","1417","FA","","0","0","0","0","0","0","0","0","0","0","0","0.0","0"
"*04ex0*","Semi Ojeleye","(N/A)","SF,PF,F","","1418","FA","","0","0","0","0","0","0","0","0","0","0","0","0.0","0"
"*03ad1*","Jahlil Okafor","(N/A)","C","","1419","FA","","0","0","0","0","0","0","0","0","0","0","0","0.0","0"
"*051ow*","Chuma Okeke","(N/A)","PF,F","","1420","FA","","0","0","0","0","0","0","0","0","0","0","0","0.0","0"
"*04qs8*","Elie Okobo","(N/A)","PG,G","","1421","FA","","0","0","0","0","0","0","0","0","0","0","0","0.0","0"
"*051pc*","KZ Okpala","(N/A)","PF,F","","1422","FA","","0","0","0","0","0","0","0","0","0","0","0","0.0","0"
"*031lp*","Victor Oladipo","(N/A)","SG,G","","1423","FA","","0","0","0","0","0","0","0","0","0","0","0","0.0","0"
"*06vyb*","Lachlan Olbrich","CHI","PF,F,C","","1424","FA","","0","0","0","0","0","0","0","0","0","0","0","0.0","0"
"*06mob*","Quincy Olivari","(N/A)","PG,G","","1425","FA","","0","0","0","0","0","0","0","0","0","0","0","0.0","0"
"*04fj9*","Cameron Oliver","(N/A)","SF,PF,F","","1426","FA","","0","0","0","0","0","0","0","0","0","0","0","0.0","0"
"*031m0*","Kelly Olynyk","(N/A)","C","","1427","FA","","0","0","0","0","0","0","0","0","0","0","0","0.0","0"
"*0722p*","Norchad Omier","(N/A)","SF,PF,F","","1428","FA","","0","0","0","0","0","0","0","0","0","0","0","0.0","0"
"*05uuo*","Eugene Omoruyi","(N/A)","SF,F","","1429","FA","","0","0","0","0","0","0","0","0","0","0","0","0.0","0"
"*04xic*","Nuni Omot","(N/A)","SF,F","","1430","FA","","0","0","0","0","0","0","0","0","0","0","0","0.0","0"
"*06239*","Shareef O'Neal","(N/A)","PF,F","","1413","FA","","0","0","0","0","0","0","0","0","0","0","0","0.0","0"
"*06hie*","Nick Ongenda","(N/A)","C","","1431","FA","","0","0","0","0","0","0","0","0","0","0","0","0.0","0"
"*051q2*","Miye Oni","(N/A)","SG,G","","1432","FA","","0","0","0","0","0","0","0","0","0","0","0","0.0","0"
"*05ux2*","EJ Onu","(N/A)","PF,F","","1433","FA","","0","0","0","0","0","0","0","0","0","0","0","0.0","0"
"*042nx*","Chinanu Onuaku","(N/A)","PF,F,C","","1434","FA","","0","0","0","0","0","0","0","0","0","0","0","0.0","0"
"*02ngd*","Kyle O'Quinn","(N/A)","PF,F,C","","1414","FA","","0","0","0","0","0","0","0","0","0","0","0","0.0","0"
"*06prm*","Gabe Osabuohien","(N/A)","SF,PF,F","","1435","FA","","0","0","0","0","0","0","0","0","0","0","0","0.0","0"
"*031n1*","Romero Osby","(N/A)","SF,PF,F","","1436","FA","","0","0","0","0","0","0","0","0","0","0","0","0.0","0"
"*03r7m*","Cedi Osman","(N/A)","SF,F","","1437","FA","","0","0","0","0","0","0","0","0","0","0","0","0.0","0"
"*05que*","Daniel Oturu","(N/A)","C","","1438","FA","","0","0","0","0","0","0","0","0","0","0","0","0.0","0"
"*04hon*","Yakuba Ouattara","(N/A)","SG,G","","1439","FA","","0","0","0","0","0","0","0","0","0","0","0","0.0","0"
"*059im*","Tariq Owens","(N/A)","PF,F","","1440","FA","","0","0","0","0","0","0","0","0","0","0","0","0.0","0"
"*05ybc*","Jaysean Paige","(N/A)","PG,G","","1441","FA","","0","0","0","0","0","0","0","0","0","0","0","0.0","0"
"*042oe*","Marcus Paige","(N/A)","PG,G","","1442","FA","","0","0","0","0","0","0","0","0","0","0","0","0.0","0"
"*059qa*","James Palmer Jr.","(N/A)","SG,G","","1443","FA","","0","0","0","0","0","0","0","0","0","0","0","0.0","0"
"*05yaa*","Trayvon Palmer","(N/A)","SG,G","","1444","FA","","0","0","0","0","0","0","0","0","0","0","0","0.0","0"
"*05wn0*","Kevin Pangos","(N/A)","SG,G","","1445","FA","","0","0","0","0","0","0","0","0","0","0","0","0.0","0"
"*042n9*","Georgios Papagiannis","(N/A)","C","","1446","FA","","0","0","0","0","0","0","0","0","0","0","0","0.0","0"
"*02ngc*","Kostas Papanikolaou","(N/A)","SF,PF,F","","1447","FA","","0","0","0","0","0","0","0","0","0","0","0","0.0","0"
"*02v2t*","Jabari Parker","(N/A)","SF,PF,F","","1448","FA","","0","0","0","0","0","0","0","0","0","0","0","0.0","0"
"*03zl2*","Bobby Ray Parks Jr.","(N/A)","SG,G","","1449","FA","","0","0","0","0","0","0","0","0","0","0","0","0.0","0"
"*051pl*","Eric Paschall","(N/A)","PF,F","","1450","FA","","0","0","0","0","0","0","0","0","0","0","0","0.0","0"
"*04ewp*","Anzejs Pasecniks","(N/A)","C","","1451","FA","","0","0","0","0","0","0","0","0","0","0","0","0.0","0"
"*05qzb*","Devonte Patterson","(N/A)","SF,F","","1452","FA","","0","0","0","0","0","0","0","0","0","0","0","0.0","0"
"*04ewh*","Justin Patton","(N/A)","C","","1453","FA","","0","0","0","0","0","0","0","0","0","0","0","0.0","0"
"*0017e*","Chris Paul","(N/A)","PG,G","","1454","FA","","0","0","0","0","0","0","0","0","0","0","0","0.0","0"
"*03r7e*","Cameron Payne","(N/A)","PG,G","","1455","FA","","0","0","0","0","0","0","0","0","0","0","0","0.0","0"
"*04l1u*","L.J. Peak","(N/A)","SG,G","","1456","FA","","0","0","0","0","0","0","0","0","0","0","0","0.0","0"
"*04vyd*","Norvel Pelle","(N/A)","C","","1457","FA","","0","0","0","0","0","0","0","0","0","0","0","0.0","0"
"*06mnq*","Drew Pember","(N/A)","SF,PF,F","","1458","FA","","0","0","0","0","0","0","0","0","0","0","0","0.0","0"
"*06kxd*","Maozinha Pereira","(N/A)","SF,F","","1459","FA","","0","0","0","0","0","0","0","0","0","0","0","0.0","0"
"*059fw*","Josh Perkins","(N/A)","PG,G","","1460","FA","","0","0","0","0","0","0","0","0","0","0","0","0.0","0"
"*04k4q*","London Perrantes","(N/A)","PG,G","","1461","FA","","0","0","0","0","0","0","0","0","0","0","0","0.0","0"
"*05qsz*","Reggie Perry","(N/A)","PF,F","","1462","FA","","0","0","0","0","0","0","0","0","0","0","0","0.0","0"
"*04exh*","Alec Peters","(N/A)","PF,F","","1463","FA","","0","0","0","0","0","0","0","0","0","0","0","0.0","0"
"*059cm*","Lamar Peters","(N/A)","PG,G","","1464","FA","","0","0","0","0","0","0","0","0","0","0","0","0.0","0"
"*06hdy*","Drew Peterson","(N/A)","PF,F","","1465","FA","","0","0","0","0","0","0","0","0","0","0","0","0.0","0"
"*05ujo*","Filip Petrusev","(N/A)","PF,F,C","","1466","FA","","0","0","0","0","0","0","0","0","0","0","0","0.0","0"
"*05xog*","John Petty","(N/A)","SG,G","","1467","FA","","0","0","0","0","0","0","0","0","0","0","0","0.0","0"
"*04zi8*","Tarik Phillip","(N/A)","PG,G","","1468","FA","","0","0","0","0","0","0","0","0","0","0","0","0.0","0"
"*06ccy*","Jalen Pickett","LAC","PG,SG,G","","1469","FA","","0","0","0","0","0","0","0","0","0","0","0","0.0","0"
"*05wvv*","Jamorko Pickett","(N/A)","SF,F","","1470","FA","","0","0","0","0","0","0","0","0","0","0","0","0.0","0"
"*07235*","Jonathan Pierre","(N/A)","SF,PF,F","","1471","FA","","0","0","0","0","0","0","0","0","0","0","0","0.0","0"
"*0665c*","Nate Pierre-Louis","(N/A)","SF,PF,F","","1472","FA","","0","0","0","0","0","0","0","0","0","0","0","0.0","0"
"*055ol*","Isaiah Pineiro","(N/A)","SG,G","","1473","FA","","0","0","0","0","0","0","0","0","0","0","0","0.0","0"
"*04uq6*","Theo Pinson","(N/A)","SG,G","","1474","FA","","0","0","0","0","0","0","0","0","0","0","0","0.0","0"
"*059vm*","Kavion Pippen","(N/A)","C","","1475","FA","","0","0","0","0","0","0","0","0","0","0","0","0.0","0"
"*043i5*","Marshall Plumlee","(N/A)","C","","1476","FA","","0","0","0","0","0","0","0","0","0","0","0","0.0","0"
"*031m9*","Mason Plumlee","(N/A)","C","","1477","FA","","0","0","0","0","0","0","0","0","0","0","0","0.0","0"
"*03r86*","Sir'Dominic Pointer","(N/A)","SF,F","","1478","FA","","0","0","0","0","0","0","0","0","0","0","0","0.0","0"
"*052h2*","Vincent Poirier","(N/A)","C","","1479","FA","","0","0","0","0","0","0","0","0","0","0","0","0.0","0"
"*05qud*","Aleksej Pokusevski","(N/A)","PF,F","","1480","FA","","0","0","0","0","0","0","0","0","0","0","0","0.0","0"
"*06psv*","Tyler Polley","(N/A)","SF,F","","1481","FA","","0","0","0","0","0","0","0","0","0","0","0","0.0","0"
"*059fz*","Shamorie Ponds","(N/A)","PG,G","","1482","FA","","0","0","0","0","0","0","0","0","0","0","0","0.0","0"
"*05uum*","Yves Pons","(N/A)","SF,F","","1483","FA","","0","0","0","0","0","0","0","0","0","0","0","0.0","0"
"*03nws*","Malik Pope","(N/A)","SF,F","","1484","FA","","0","0","0","0","0","0","0","0","0","0","0","0.0","0"
"*05gwp*","Jontay Porter","(N/A)","PF,F,C","","1485","FA","","0","0","0","0","0","0","0","0","0","0","0","0.0","0"
"*031lq*","Otto Porter","(N/A)","SF,F","","1486","FA","","0","0","0","0","0","0","0","0","0","0","0","0.0","0"
"*03e79*","Dwight Powell","(N/A)","C","","1487","FA","","0","0","0","0","0","0","0","0","0","0","0","0.0","0"
"*06gnp*","Justin Powell","(N/A)","SG,G","","1488","FA","","0","0","0","0","0","0","0","0","0","0","0","0.0","0"
"*05qsv*","Myles Powell","(N/A)","PG,SG,G","","1489","FA","","0","0","0","0","0","0","0","0","0","0","0","0.0","0"
"*047j6*","Alex Poythress","(N/A)","SF,F","","1490","FA","","0","0","0","0","0","0","0","0","0","0","0","0.0","0"
"*04rvz*","Billy Preston","(N/A)","SF,PF,F","","1491","FA","","0","0","0","0","0","0","0","0","0","0","0","0.0","0"
"*05uj7*","Jason Preston","(N/A)","PG,G","","1492","FA","","0","0","0","0","0","0","0","0","0","0","0","0.0","0"
"*06mnt*","Charles Pride","(N/A)","PG,SG,G","","1493","FA","","0","0","0","0","0","0","0","0","0","0","0","0.0","0"
"*05uim*","Joshua Primo","(N/A)","SG,G,SF,F","","1494","FA","","0","0","0","0","0","0","0","0","0","0","0","0.0","0"
"*0621z*","Gabriele Procida","(N/A)","SG,G","","1495","FA","","0","0","0","0","0","0","0","0","0","0","0","0.0","0"
"*042o2*","Zhou Qi","(N/A)","PF,F","","1496","FA","","0","0","0","0","0","0","0","0","0","0","0","0.0","0"
"*044tf*","Tim Quarterman","(N/A)","PG,G","","1497","FA","","0","0","0","0","0","0","0","0","0","0","0","0.0","0"
"*05qtg*","Trevelin Queen","(N/A)","SG,G","","1498","FA","","0","0","0","0","0","0","0","0","0","0","0","0.0","0"
"*0623c*","Lester Quinones","(N/A)","SG,G","","1499","FA","","0","0","0","0","0","0","0","0","0","0","0","0.0","0"
"*03llv*","Ivan Rabb","(N/A)","PF,F","","1500","FA","","0","0","0","0","0","0","0","0","0","0","0","0.0","0"
"*05xo8*","Brandon Rachal","(N/A)","SG,G","","1501","FA","","0","0","0","0","0","0","0","0","0","0","0","0.0","0"
"*06moj*","Tyrece Radford","(N/A)","PG,G","","1502","FA","","0","0","0","0","0","0","0","0","0","0","0","0.0","0"
"*03r8a*","Nikola Radicevic","DEN","PG,G","","1503","FA","","0","0","0","0","0","0","0","0","0","0","0","0.0","0"
"*05qtx*","Jahmi'us Ramsey","(N/A)","SG,G","","1504","FA","","0","0","0","0","0","0","0","0","0","0","0","0.0","0"
"*045gs*","Chasson Randle","(N/A)","PG,G","","1505","FA","","0","0","0","0","0","0","0","0","0","0","0","0.0","0"
"*03wp0*","Levi Randolph","(N/A)","SG,G","","1506","FA","","0","0","0","0","0","0","0","0","0","0","0","0.0","0"
"*04k0r*","Xavier Rathan-Mayes","(N/A)","PG,G","","1507","FA","","0","0","0","0","0","0","0","0","0","0","0","0.0","0"
"*06gix*","Duop Reath","PHO","C","","1508","FA","","0","0","0","0","0","0","0","0","0","0","0","0.0","0"
"*055ok*","Josh Reaves","(N/A)","SG,G","","1509","FA","","0","0","0","0","0","0","0","0","0","0","0","0.0","0"
"*051oq*","Cam Reddish","(N/A)","SG,G,SF,F","","1510","FA","","0","0","0","0","0","0","0","0","0","0","0","0.0","0"
"*04eww*","Davon Reed","(N/A)","SG,G","","1511","FA","","0","0","0","0","0","0","0","0","0","0","0","0.0","0"
"*02x6i*","Willie Reed","(N/A)","PF,F,C","","1512","FA","","0","0","0","0","0","0","0","0","0","0","0","0.0","0"
"*06pvu*","Alex Reese","(N/A)","PF,F","","1513","FA","","0","0","0","0","0","0","0","0","0","0","0","0.0","0"
"*072af*","Julian Reese","(N/A)","SF,F","","1514","FA","","0","0","0","0","0","0","0","0","0","0","0","0.0","0"
"*0664x*","A.J. Reeves","(N/A)","PG,SG,G","","1515","FA","","0","0","0","0","0","0","0","0","0","0","0","0.0","0"
"*06mlt*","Antonio Reeves","(N/A)","SG,G,SF,F","","1516","FA","","0","0","0","0","0","0","0","0","0","0","0","0.0","0"
"*05xkz*","Nate Renfro","(N/A)","SF,F","","1517","FA","","0","0","0","0","0","0","0","0","0","0","0","0.0","0"
"*04xl8*","Cameron Reynolds","(N/A)","SG,G,SF,F","","1518","FA","","0","0","0","0","0","0","0","0","0","0","0","0.0","0"
"*063d0*","Jared Rhoden","(N/A)","SG,G","","1519","FA","","0","0","0","0","0","0","0","0","0","0","0","0.0","0"
"*06cem*","Sir'Jabari Rice","(N/A)","SG,G","","1520","FA","","0","0","0","0","0","0","0","0","0","0","0","0.0","0"
"*03r7u*","Josh Richardson","(N/A)","PG,SG,G","","1521","FA","","0","0","0","0","0","0","0","0","0","0","0","0.0","0"
"*042nh*","Malachi Richardson","(N/A)","SG,G","","1522","FA","","0","0","0","0","0","0","0","0","0","0","0","0.0","0"
"*0728u*","Kadary Richmond","(N/A)","PG,SG,G","","1523","FA","","0","0","0","0","0","0","0","0","0","0","0","0.0","0"
"*05qtp*","Grant Riller","(N/A)","PG,G","","1524","FA","","0","0","0","0","0","0","0","0","0","0","0","0.0","0"
"*02nfa*","Austin Rivers","(N/A)","SG,G","","1525","FA","","0","0","0","0","0","0","0","0","0","0","0","0.0","0"
"*06hil*","Liam Robbins","(N/A)","SF,PF,F,C","","1526","FA","","0","0","0","0","0","0","0","0","0","0","0","0.0","0"
"*031md*","Andre Roberson","(N/A)","SG,G,SF,F","","1527","FA","","0","0","0","0","0","0","0","0","0","0","0","0.0","0"
"*06hrv*","Nate Roberts","(N/A)","C","","1528","FA","","0","0","0","0","0","0","0","0","0","0","0","0.0","0"
"*04hop*","Devin Robinson","(N/A)","SG,G,SF,F","","1529","FA","","0","0","0","0","0","0","0","0","0","0","0","0.0","0"
"*06prj*","Galen Robinson","(N/A)","PG,G","","1530","FA","","0","0","0","0","0","0","0","0","0","0","0","0.0","0"
"*03aqc*","Glenn Robinson","(N/A)","SG,G,SF,F","","1531","FA","","0","0","0","0","0","0","0","0","0","0","0","0.0","0"
"*04qrq*","Jerome Robinson","(N/A)","SG,G","","1532","FA","","0","0","0","0","0","0","0","0","0","0","0","0.0","0"
"*056ap*","Justin Robinson","(N/A)","PG,G","","1533","FA","","0","0","0","0","0","0","0","0","0","0","0","0.0","0"
"*0622z*","Orlando Robinson","(N/A)","C","","1534","FA","","0","0","0","0","0","0","0","0","0","0","0","0.0","0"
"*05uj6*","Jeremiah Robinson-Earl","(N/A)","PF,F,C","","1535","FA","","0","0","0","0","0","0","0","0","0","0","0","0.0","0"
"*051pp*","Isaiah Roby","(N/A)","PF,F","","1536","FA","","0","0","0","0","0","0","0","0","0","0","0","0.0","0"
"*0621m*","David Roddy","DEN","PF,F","","1537","FA","","0","0","0","0","0","0","0","0","0","0","0","0.0","0"
"*0723i*","DJ Rodman","(N/A)","PG,SG,G,SF,PF,F","","1538","FA","","0","0","0","0","0","0","0","0","0","0","0","0.0","0"
"*06mo8*","Jackson Rowe","(N/A)","PF,F","","1539","FA","","0","0","0","0","0","0","0","0","0","0","0","0.0","0"
"*03nwl*","Terry Rozier","MIA","PG,G","","1540","FA","","0","0","0","0","0","0","0","0","0","0","0","0.0","0"
"*06mo9*","Mantas Rubstavicius","(N/A)","PG,G","","1541","FA","","0","0","0","0","0","0","0","0","0","0","0","0.0","0"
"*05xco*","Matt Ryan","(N/A)","SF,F","","1542","FA","","0","0","0","0","0","0","0","0","0","0","0","0.0","0"
"*06moz*","Neal Sako","(N/A)","C","","1543","FA","","0","0","0","0","0","0","0","0","0","0","0","0.0","0"
"*06vxs*","Hunter Sallis","(N/A)","SG,G","","1544","FA","","0","0","0","0","0","0","0","0","0","0","0","0.0","0"
"*051oz*","Luka Samanic","(N/A)","PF,F","","1545","FA","","0","0","0","0","0","0","0","0","0","0","0","0.0","0"
"*04xm0*","Brandon Sampson","(N/A)","PG,G","","1546","FA","","0","0","0","0","0","0","0","0","0","0","0","0.0","0"
"*03ku5*","JaKarr Sampson","(N/A)","SF,F","","1547","FA","","0","0","0","0","0","0","0","0","0","0","0","0.0","0"
"*071oo*","Tyrese Samuel","(N/A)","SF,PF,F","","1548","FA","","0","0","0","0","0","0","0","0","0","0","0","0.0","0"
"*0666c*","Jermaine Samuels","(N/A)","SF,F","","1549","FA","","0","0","0","0","0","0","0","0","0","0","0","0.0","0"
"*073pt*","Payton Sandfort","(N/A)","SF,F","","1550","FA","","0","0","0","0","0","0","0","0","0","0","0","0.0","0"
"*06cek*","Adama Sanogo","(N/A)","C","","1551","FA","","0","0","0","0","0","0","0","0","0","0","0","0.0","0"
"*04qsl*","Issuf Sanon","(N/A)","PG,G","","1552","FA","","0","0","0","0","0","0","0","0","0","0","0","0.0","0"
"*03acy*","Dario Saric","(N/A)","C","","1553","FA","","0","0","0","0","0","0","0","0","0","0","0","0.0","0"
"*05yab*","Olivier Sarr","CLE","C","","1554","FA","","0","0","0","0","0","0","0","0","0","0","0","0.0","0"
"*02nfw*","Tomas Satoransky","(N/A)","SG,G","","1555","FA","","0","0","0","0","0","0","0","0","0","0","0","0.0","0"
"*05x7g*","Jordan Schakel","(N/A)","SF,F","","1556","FA","","0","0","0","0","0","0","0","0","0","0","0","0.0","0"
"*051pm*","Admiral Schofield","(N/A)","PF,F","","1557","FA","","0","0","0","0","0","0","0","0","0","0","0","0.0","0"
"*059xh*","Mike Scott","(N/A)","PG,G","","1558","FA","","0","0","0","0","0","0","0","0","0","0","0","0.0","0"
"*03wou*","Shannon Scott","(N/A)","SG,G","","1559","FA","","0","0","0","0","0","0","0","0","0","0","0","0.0","0"
"*05qsy*","Jay Scrubb","(N/A)","SG,G","","1560","FA","","0","0","0","0","0","0","0","0","0","0","0","0.0","0"
"*0623k*","Dereon Seabron","(N/A)","SG,G","","1561","FA","","0","0","0","0","0","0","0","0","0","0","0","0.0","0"
"*06vxt*","Mark Sears","(N/A)","PG,G","","1562","FA","","0","0","0","0","0","0","0","0","0","0","0","0.0","0"
"*03byj*","Wayne Selden Jr.","(N/A)","SG,G","","1563","FA","","0","0","0","0","0","0","0","0","0","0","0","0.0","0"
"*05qyy*","Nate Sestina","(N/A)","SF,F","","1564","FA","","0","0","0","0","0","0","0","0","0","0","0","0.0","0"
"*0729d*","Steve Settle","(N/A)","SF,PF,F","","1565","FA","","0","0","0","0","0","0","0","0","0","0","0","0.0","0"
"*0663t*","Jaden Shackelford","(N/A)","PG,SG,G","","1566","FA","","0","0","0","0","0","0","0","0","0","0","0","0.0","0"
"*051py*","Marial Shayok","(N/A)","SG,G,SF,F","","1567","FA","","0","0","0","0","0","0","0","0","0","0","0","0.0","0"
"*02ngi*","Tornike Shengelia","(N/A)","SF,PF,F","","1568","FA","","0","0","0","0","0","0","0","0","0","0","0","0.0","0"
"*059g5*","Simi Shittu","(N/A)","PF,F,C","","1569","FA","","0","0","0","0","0","0","0","0","0","0","0","0.0","0"
"*05xp4*","Devontae Shuler","(N/A)","PG,G","","1570","FA","","0","0","0","0","0","0","0","0","0","0","0","0.0","0"
"*06va1*","Max Shulga","(N/A)","SG,G","","1571","FA","","0","0","0","0","0","0","0","0","0","0","0","0.0","0"
"*027p1*","Iman Shumpert","(N/A)","SG,G,SF,F","","1572","FA","","0","0","0","0","0","0","0","0","0","0","0","0.0","0"
"*03wox*","Jordan Sibert","(N/A)","SG,G","","1573","FA","","0","0","0","0","0","0","0","0","0","0","0","0.0","0"
"*052c5*","Chris Silva","(N/A)","PF,F","","1574","FA","","0","0","0","0","0","0","0","0","0","0","0","0.0","0"
"*04415*","Borisa Simanic","(N/A)","PF,F","","1575","FA","","0","0","0","0","0","0","0","0","0","0","0","0.0","0"
"*03se0*","Jonathon Simmons","(N/A)","SG,G,SF,F","","1576","FA","","0","0","0","0","0","0","0","0","0","0","0","0.0","0"
"*04is8*","Kobi Simmons","(N/A)","PG,G","","1577","FA","","0","0","0","0","0","0","0","0","0","0","0","0.0","0"
"*05uw9*","Aamir Simms","(N/A)","PF,F","","1578","FA","","0","0","0","0","0","0","0","0","0","0","0","0.0","0"
"*03lgl*","Justin Simon","(N/A)","SG,G","","1579","FA","","0","0","0","0","0","0","0","0","0","0","0","0.0","0"
"*05qsm*","Marko Simonovic","(N/A)","C","","1580","FA","","0","0","0","0","0","0","0","0","0","0","0","0.0","0"
"*05qtz*","Zavier Simpson","(N/A)","PG,G","","1581","FA","","0","0","0","0","0","0","0","0","0","0","0","0.0","0"
"*064s6*","Jaylen Sims","(N/A)","PG,SG,G","","1582","FA","","0","0","0","0","0","0","0","0","0","0","0","0.0","0"
"*051ph*","Deividas Sirvydis","(N/A)","SG,G","","1583","FA","","0","0","0","0","0","0","0","0","0","0","0","0.0","0"
"*06iei*","Dmytro Skapintsev","(N/A)","C","","1584","FA","","0","0","0","0","0","0","0","0","0","0","0","0.0","0"
"*06mnv*","Brandon Slater","(N/A)","SF,PF,F","","1585","FA","","0","0","0","0","0","0","0","0","0","0","0","0.0","0"
"*049s8*","Nik Slavica","(N/A)","SF,F","","1586","FA","","0","0","0","0","0","0","0","0","0","0","0","0.0","0"
"*051pj*","Alen Smailagic","(N/A)","PF,F","","1587","FA","","0","0","0","0","0","0","0","0","0","0","0","0.0","0"
"*05wqq*","Javonte Smart","(N/A)","PG,G","","1588","FA","","0","0","0","0","0","0","0","0","0","0","0","0.0","0"
"*05uuk*","Chris Smith","(N/A)","PG,SG,G,PF,F","","1589","FA","","0","0","0","0","0","0","0","0","0","0","0","0.0","0"
"*07a23*","Deivon Smith","(N/A)","PG,G","","1590","FA","","0","0","0","0","0","0","0","0","0","0","0","0.0","0"
"*049s5*","Dennis Smith","(N/A)","PG,G","","1591","FA","","0","0","0","0","0","0","0","0","0","0","0","0.0","0"
"*06ccb*","Nick Smith","(N/A)","SG,G","","1592","FA","","0","0","0","0","0","0","0","0","0","0","0","0.0","0"
"*03lgj*","Ray Smith","(N/A)","SF,F","","1593","FA","","0","0","0","0","0","0","0","0","0","0","0","0.0","0"
"*04xbb*","Scoochie Smith","(N/A)","SG,G","","1594","FA","","0","0","0","0","0","0","0","0","0","0","0","0.0","0"
"*06cet*","Terquavion Smith","(N/A)","PG,G","","1595","FA","","0","0","0","0","0","0","0","0","0","0","0","0.0","0"
"*06mlf*","Tyler Smith","(N/A)","PF,F","","1596","FA","","0","0","0","0","0","0","0","0","0","0","0","0.0","0"
"*05qvt*","Xavier Sneed","(N/A)","SF,F","","1597","FA","","0","0","0","0","0","0","0","0","0","0","0","0.0","0"
"*031m7*","Tony Snell","(N/A)","SG,G","","1598","FA","","0","0","0","0","0","0","0","0","0","0","0","0.0","0"
"*03kub*","Richard Solomon","OKC","PF,F","","1599","FA","@SA Tue 6:30PM","0","0","0","0","0","0","0","0","0","0","0","0.0","0"
"*06moa*","Roman Sorkin","(N/A)","PF,F","","1600","FA","","0","0","0","0","0","0","0","0","0","0","0","0.0","0"
"*0389e*","James Southerland","(N/A)","SF,F","","1601","FA","","0","0","0","0","0","0","0","0","0","0","0","0.0","0"
"*0622d*","Matteo Spagnolo","(N/A)","SG,G","","1602","FA","","0","0","0","0","0","0","0","0","0","0","0","0.0","0"
"*04qsw*","Ray Spalding","(N/A)","PF,F","","1603","FA","","0","0","0","0","0","0","0","0","0","0","0","0.0","0"
"*04qs7*","Omari Spellman","(N/A)","PF,F,C","","1604","FA","","0","0","0","0","0","0","0","0","0","0","0","0.0","0"
"*05uj2*","Jaden Springer","(N/A)","PG,G","","1605","FA","","0","0","0","0","0","0","0","0","0","0","0","0.0","0"
"*05qt8*","Cassius Stanley","(N/A)","SG,G","","1606","FA","","0","0","0","0","0","0","0","0","0","0","0","0.0","0"
"*04xhv*","Jonathan Stark","(N/A)","PG,G","","1607","FA","","0","0","0","0","0","0","0","0","0","0","0","0.0","0"
"*03e6l*","Nik Stauskas","(N/A)","SG,G","","1608","FA","","0","0","0","0","0","0","0","0","0","0","0","0.0","0"
"*06hso*","Jake Stephens","MIL","C","R","1609","FA","","0","0","0","0","0","0","0","0","0","0","0","0.0","0"
"*01uza*","Lance Stephenson","(N/A)","SF,F","","1610","FA","","0","0","0","0","0","0","0","0","0","0","0","0.0","0"
"*06mp0*","Isaiah Stevens","(N/A)","PG,G","","1611","FA","","0","0","0","0","0","0","0","0","0","0","0","0.0","0"
"*05qsj*","Lamar Stevens","(N/A)","PF,F","","1612","FA","","0","0","0","0","0","0","0","0","0","0","0","0.0","0"
"*06qdx*","Erik Stevenson","(N/A)","PG,SG,G","","1613","FA","","0","0","0","0","0","0","0","0","0","0","0","0.0","0"
"*05xcn*","DJ Steward","(N/A)","SG,G","","1614","FA","","0","0","0","0","0","0","0","0","0","0","0","0.0","0"
"*05wvy*","D.J. Stewart","(N/A)","PG,SG,G","","1615","FA","","0","0","0","0","0","0","0","0","0","0","0","0.0","0"
"*04xge*","Elijah Stewart","(N/A)","SG,G","","1616","FA","","0","0","0","0","0","0","0","0","0","0","0","0.0","0"
"*078g2*","Kobe Stewart","(N/A)","SG,G","R","1617","FA","","0","0","0","0","0","0","0","0","0","0","0","0.0","0"
"*03ku8*","David Stockton","(N/A)","PG,G","","1618","FA","","0","0","0","0","0","0","0","0","0","0","0","0.0","0"
"*03e71*","Jarnell Stokes","(N/A)","PF,F","","1619","FA","","0","0","0","0","0","0","0","0","0","0","0","0.0","0"
"*03llt*","Diamond Stone","(N/A)","C","","1620","FA","","0","0","0","0","0","0","0","0","0","0","0","0.0","0"
"*076un*","Peter Suder","(N/A)","SG,G","R","1621","FA","","0","0","0","0","0","0","0","0","0","0","0","0.0","0"
"*0480c*","Rasheed Sulaimon","(N/A)","SG,G","","1622","FA","","0","0","0","0","0","0","0","0","0","0","0","0.0","0"
"*02nfl*","Jared Sullinger","(N/A)","PF,F,C","","1623","FA","","0","0","0","0","0","0","0","0","0","0","0","0.0","0"
"*04exf*","Edmond Sumner","(N/A)","SG,G","","1624","FA","","0","0","0","0","0","0","0","0","0","0","0","0.0","0"
"*05qvh*","Dwayne Sutton","(N/A)","SF,PF,F","","1625","FA","","0","0","0","0","0","0","0","0","0","0","0","0.0","0"
"*04ewq*","Caleb Swanigan","(N/A)","PF,F,C","","1626","FA","","0","0","0","0","0","0","0","0","0","0","0","0.0","0"
"*0623n*","Cole Swider","(N/A)","SF,F","","1627","FA","","0","0","0","0","0","0","0","0","0","0","0","0.0","0"
"*05ya8*","Craig Sword","(N/A)","SG,G","","1628","FA","","0","0","0","0","0","0","0","0","0","0","0","0.0","0"
"*03wqx*","Keifer Sykes","(N/A)","PG,SG,G","","1629","FA","","0","0","0","0","0","0","0","0","0","0","0","0.0","0"
"*05x7f*","Anthony Tarke","(N/A)","SG,G","","1630","FA","","0","0","0","0","0","0","0","0","0","0","0","0.0","0"
"*03e77*","Edy Tavares","(N/A)","C","","1631","FA","","0","0","0","0","0","0","0","0","0","0","0","0.0","0"
"*059ws*","BJ Taylor","(N/A)","PG,G","","1632","FA","","0","0","0","0","0","0","0","0","0","0","0","0.0","0"
"*048yg*","Isaiah Taylor","(N/A)","PG,G","","1633","FA","","0","0","0","0","0","0","0","0","0","0","0","0.0","0"
"*05qzj*","Marlon Taylor","(N/A)","SG,G","","1634","FA","","0","0","0","0","0","0","0","0","0","0","0","0.0","0"
"*05uuj*","Terry Taylor","(N/A)","PF,F","","1635","FA","","0","0","0","0","0","0","0","0","0","0","0","0.0","0"
"*079yr*","Wade Taylor","IND","PG,SG,G","","1636","FA","","0","0","0","0","0","0","0","0","0","0","0","0.0","0"
"*05uux*","MaCio Teague","(N/A)","SG,G","","1637","FA","","0","0","0","0","0","0","0","0","0","0","0","0.0","0"
"*02nft*","Marquis Teague","(N/A)","PG,G","","1638","FA","","0","0","0","0","0","0","0","0","0","0","0","0.0","0"
"*07240*","Jahmyl Telfort","(N/A)","SF,PF,F","","1639","FA","","0","0","0","0","0","0","0","0","0","0","0","0.0","0"
"*01ng2*","Garrett Temple","(N/A)","SG,G","","1640","FA","","0","0","0","0","0","0","0","0","0","0","0","0.0","0"
"*06mo4*","Christian Terrell","(N/A)","PG,G","","1641","FA","","0","0","0","0","0","0","0","0","0","0","0","0.0","0"
"*04xhw*","Jared Terrell","(N/A)","PG,G","","1642","FA","","0","0","0","0","0","0","0","0","0","0","0","0.0","0"
"*04xk5*","Emanuel Terry","(N/A)","SF,PF,F","","1643","FA","","0","0","0","0","0","0","0","0","0","0","0","0.0","0"
"*05qth*","Tyrell Terry","(N/A)","PG,G","","1644","FA","","0","0","0","0","0","0","0","0","0","0","0","0.0","0"
"*05qzo*","Jon Teske","(N/A)","C","","1645","FA","","0","0","0","0","0","0","0","0","0","0","0","0.0","0"
"*04hoo*","Daniel Theis","(N/A)","C","","1646","FA","","0","0","0","0","0","0","0","0","0","0","0","0.0","0"
"*0393m*","Adonis Thomas","(N/A)","SF,PF,F","","1647","FA","","0","0","0","0","0","0","0","0","0","0","0","0.0","0"
"*05qyv*","Brodric Thomas","(N/A)","SG,G","","1648","FA","","0","0","0","0","0","0","0","0","0","0","0","0.0","0"
"*05uj1*","Cameron Thomas","(N/A)","SG,G,SF,F","","1649","FA","","0","0","0","0","0","0","0","0","0","0","0","0.0","0"
"*04qsf*","Khyri Thomas","(N/A)","SG,G","","1650","FA","","0","0","0","0","0","0","0","0","0","0","0","0.0","0"
"*052q1*","Matt Thomas","(N/A)","SG,G","","1651","FA","","0","0","0","0","0","0","0","0","0","0","0","0.0","0"
"*05wkc*","Ethan Thompson","(N/A)","SG,G","","1652","FA","","0","0","0","0","0","0","0","0","0","0","0","0.0","0"
"*027om*","Tristan Thompson","(N/A)","C","","1653","FA","","0","0","0","0","0","0","0","0","0","0","0","0.0","0"
"*05ujb*","JT Thor","(N/A)","PF,F","","1654","FA","","0","0","0","0","0","0","0","0","0","0","0","0.0","0"
"*04exb*","Sindarius Thornwell","(N/A)","SG,G","","1655","FA","","0","0","0","0","0","0","0","0","0","0","0","0.0","0"
"*03zl0*","Jarvis Threatt","(N/A)","PG,G","","1656","FA","","0","0","0","0","0","0","0","0","0","0","0","0.0","0"
"*05qwu*","Killian Tillie","(N/A)","C","","1657","FA","","0","0","0","0","0","0","0","0","0","0","0","0.0","0"
"*05ya9*","Justin Tillman","(N/A)","SF,F","","1658","FA","","0","0","0","0","0","0","0","0","0","0","0","0.0","0"
"*05xnb*","Jeremiah Tilmon","(N/A)","C","","1659","FA","","0","0","0","0","0","0","0","0","0","0","0","0.0","0"
"*06cf3*","Drew Timme","(N/A)","PF,F,C","","1660","FA","","0","0","0","0","0","0","0","0","0","0","0","0.0","0"
"*05qze*","Tres Tinkle","(N/A)","SF,F","","1661","FA","","0","0","0","0","0","0","0","0","0","0","0","0.0","0"
"*044te*","Mike Tobey","(N/A)","C","","1662","FA","","0","0","0","0","0","0","0","0","0","0","0","0.0","0"
"*05uj5*","Isaiah Todd","(N/A)","PF,F","","1663","FA","","0","0","0","0","0","0","0","0","0","0","0","0.0","0"
"*03l5d*","Yuki Togashi","(N/A)","PG,G","","1664","FA","","0","0","0","0","0","0","0","0","0","0","0","0.0","0"
"*03r8b*","J.P. Tokoto","(N/A)","SF,F","","1665","FA","","0","0","0","0","0","0","0","0","0","0","0","0.0","0"
"*06mpg*","Keisei Tominaga","(N/A)","PG,G","","1666","FA","","0","0","0","0","0","0","0","0","0","0","0","0.0","0"
"*06hn1*","Au'Diese Toney","(N/A)","PG,SG,G","","1667","FA","","0","0","0","0","0","0","0","0","0","0","0","0.0","0"
"*06v8i*","Alex Toohey","GS","PF,F","","1668","FA","","0","0","0","0","0","0","0","0","0","0","0","0.0","0"
"*05qz0*","Jake Toolson","(N/A)","SG,G","","1669","FA","","0","0","0","0","0","0","0","0","0","0","0","0.0","0"
"*06cep*","Jacob Toppin","(N/A)","SF,F","","1670","FA","","0","0","0","0","0","0","0","0","0","0","0","0.0","0"
"*059q7*","Juan Toscano-Anderson","(N/A)","SF,F","","1671","FA","","0","0","0","0","0","0","0","0","0","0","0","0.0","0"
"*03se3*","Axel Toupane","(N/A)","SG,G","","1672","FA","","0","0","0","0","0","0","0","0","0","0","0","0.0","0"
"*07946*","Trey Townsend","(N/A)","SF,PF,F","","1673","FA","","0","0","0","0","0","0","0","0","0","0","0","0.0","0"
"*06mme*","Armel Traore","(N/A)","SF,PF,F","","1674","FA","","0","0","0","0","0","0","0","0","0","0","0","0.0","0"
"*0622j*","Luke Travers","(N/A)","SG,G","","1675","FA","","0","0","0","0","0","0","0","0","0","0","0","0.0","0"
"*06hpn*","Reid Travis","(N/A)","PF,F","","1676","FA","","0","0","0","0","0","0","0","0","0","0","0","0.0","0"
"*03wo8*","Travis Trice II","(N/A)","SG,G","","1677","FA","","0","0","0","0","0","0","0","0","0","0","0","0.0","0"
"*03lgk*","Allonzo Trier","(N/A)","SG,G","","1678","FA","","0","0","0","0","0","0","0","0","0","0","0","0.0","0"
"*04l9b*","Melo Trimble","(N/A)","PG,G","","1679","FA","","0","0","0","0","0","0","0","0","0","0","0","0.0","0"
"*05qye*","Jahlil Tripp","(N/A)","SF,PF,F","","1680","FA","","0","0","0","0","0","0","0","0","0","0","0","0.0","0"
"*06ceu*","Azuolas Tubelis","(N/A)","PF,F","","1681","FA","","0","0","0","0","0","0","0","0","0","0","0","0.0","0"
"*06mov*","Jordan Tucker","(N/A)","SF,PF,F","","1682","FA","","0","0","0","0","0","0","0","0","0","0","0","0.0","0"
"*02q81*","P.J. Tucker","(N/A)","SF,F","","1683","FA","","0","0","0","0","0","0","0","0","0","0","0","0.0","0"
"*059qe*","Rayjon Tucker","(N/A)","SG,G","","1684","FA","","0","0","0","0","0","0","0","0","0","0","0","0.0","0"
"*06hru*","Ryan Turell","(N/A)","SF,PF,F","","1685","FA","","0","0","0","0","0","0","0","0","0","0","0","0.0","0"
"*05qxt*","Breein Tyree","(N/A)","PG,SG,G","","1686","FA","","0","0","0","0","0","0","0","0","0","0","0","0.0","0"
"*06ccx*","Hunter Tyson","(N/A)","PF,F","","1687","FA","","0","0","0","0","0","0","0","0","0","0","0","0.0","0"
"*042nu*","Tyler Ulis","(N/A)","PG,G","","1688","FA","","0","0","0","0","0","0","0","0","0","0","0","0.0","0"
"*065ve*","Stanley Umude","(N/A)","SG,G","","1689","FA","","0","0","0","0","0","0","0","0","0","0","0","0.0","0"
"*03wkm*","Robert Upshaw","(N/A)","C","","1690","FA","","0","0","0","0","0","0","0","0","0","0","0","0.0","0"
"*04576*","Jarrod Uthoff","(N/A)","SF,PF,F","","1691","FA","","0","0","0","0","0","0","0","0","0","0","0","0.0","0"
"*027oo*","Jonas Valanciunas","(N/A)","C","","1692","FA","","0","0","0","0","0","0","0","0","0","0","0","0.0","0"
"*042na*","Denzel Valentine","(N/A)","SG,G","","1693","FA","","0","0","0","0","0","0","0","0","0","0","0","0.0","0"
"*06hi8*","Vincent Valerio-Bodon","(N/A)","SF,PF,F","","1694","FA","","0","0","0","0","0","0","0","0","0","0","0","0.0","0"
"*064s5*","Chandler Vaudrin","(N/A)","PG,SG,G","","1695","FA","","0","0","0","0","0","0","0","0","0","0","0","0.0","0"
"*03r7f*","Rashad Vaughn","(N/A)","SG,G,SF,F","","1696","FA","","0","0","0","0","0","0","0","0","0","0","0","0.0","0"
"*06mo3*","Santiago Vescovi","(N/A)","PG,G","","1697","FA","","0","0","0","0","0","0","0","0","0","0","0","0.0","0"
"*04exk*","Aleksandar Vezenkov","(N/A)","PF,F","","1698","FA","","0","0","0","0","0","0","0","0","0","0","0","0.0","0"
"*05rzi*","Luca Vildoza","(N/A)","PG,G","","1699","FA","","0","0","0","0","0","0","0","0","0","0","0","0.0","0"
"*05g3q*","Gabe Vincent","(N/A)","PG,G","","1700","FA","","0","0","0","0","0","0","0","0","0","0","0","0.0","0"
"*05r0e*","Christian Vital","(N/A)","SG,G","","1701","FA","","0","0","0","0","0","0","0","0","0","0","0","0.0","0"
"*03apw*","Noah Vonleh","(N/A)","PF,F,C","","1702","FA","","0","0","0","0","0","0","0","0","0","0","0","0.0","0"
"*05uue*","Ishmail Wainright","(N/A)","SF,F","","1703","FA","","0","0","0","0","0","0","0","0","0","0","0","0.0","0"
"*02nf4*","Dion Waiters","(N/A)","SG,G,SF,F","","1704","FA","","0","0","0","0","0","0","0","0","0","0","0","0.0","0"
"*03wp1*","Corey Walden","(N/A)","PG,G","","1705","FA","","0","0","0","0","0","0","0","0","0","0","0","0.0","0"
"*06fk6*","Jordan Walker","(N/A)","PG,SG,G","","1706","FA","","0","0","0","0","0","0","0","0","0","0","0","0.0","0"
"*05uwr*","M.J. Walker","(N/A)","SG,G","","1707","FA","","0","0","0","0","0","0","0","0","0","0","0","0.0","0"
"*01sc8*","John Wall","(N/A)","PG,G","","1708","FA","","0","0","0","0","0","0","0","0","0","0","0","0.0","0"
"*065b8*","Keaton Wallace","ATL","PG,G","","1709","FA","","0","0","0","0","0","0","0","0","0","0","0","0.0","0"
"*042oj*","Tyrone Wallace","(N/A)","PG,SG,G","","1710","FA","","0","0","0","0","0","0","0","0","0","0","0","0.0","0"
"*04jw8*","Derrick Walton","(N/A)","PG,G","","1711","FA","","0","0","0","0","0","0","0","0","0","0","0","0.0","0"
"*06mok*","Tyson Ward","(N/A)","SF,F","","1712","FA","","0","0","0","0","0","0","0","0","0","0","0","0.0","0"
"*048tg*","Jameel Warney","DAL","SF,F","","1713","FA","","0","0","0","0","0","0","0","0","0","0","0","0.0","0"
"*03bxn*","T.J. Warren","(N/A)","SF,F","","1714","FA","","0","0","0","0","0","0","0","0","0","0","0","0.0","0"
"*03xmk*","Julian Washburn","(N/A)","SF,F","","1715","FA","","0","0","0","0","0","0","0","0","0","0","0","0.0","0"
"*05uuh*","Duane Washington","(N/A)","SG,G","","1716","FA","","0","0","0","0","0","0","0","0","0","0","0","0.0","0"
"*0621s*","TyTy Washington","LAC","PG,G","","1717","FA","","0","0","0","0","0","0","0","0","0","0","0","0.0","0"
"*06qf5*","Warren Washington","(N/A)","SF,PF,F","","1718","FA","","0","0","0","0","0","0","0","0","0","0","0","0.0","0"
"*04xhy*","Yuta Watanabe","(N/A)","SF,F","","1719","FA","","0","0","0","0","0","0","0","0","0","0","0","0.0","0"
"*05yoh*","Lindy Waters","(N/A)","SG,G,SF,F","","1720","FA","","0","0","0","0","0","0","0","0","0","0","0","0.0","0"
"*051pv*","Tremont Waters","(N/A)","PG,G","","1721","FA","","0","0","0","0","0","0","0","0","0","0","0","0.0","0"
"*06mm0*","Anton Watson","(N/A)","SF,F","","1722","FA","","0","0","0","0","0","0","0","0","0","0","0","0.0","0"
"*05xoa*","Ibi Watson","(N/A)","SG,G","","1723","FA","","0","0","0","0","0","0","0","0","0","0","0","0.0","0"
"*04xlm*","Paul Watson","(N/A)","SG,G,SF,F","","1724","FA","","0","0","0","0","0","0","0","0","0","0","0","0.0","0"
"*051pt*","Quinndary Weatherspoon","(N/A)","SG,G","","1725","FA","","0","0","0","0","0","0","0","0","0","0","0","0.0","0"
"*0484j*","James Webb III","(N/A)","SF,F","","1726","FA","","0","0","0","0","0","0","0","0","0","0","0","0.0","0"
"*03xlt*","Briante Weber","(N/A)","PG,G","","1727","FA","","0","0","0","0","0","0","0","0","0","0","0","0.0","0"
"*05xnf*","Romeo Weems","(N/A)","SF,F","","1728","FA","","0","0","0","0","0","0","0","0","0","0","0","0.0","0"
"*04qsy*","Thomas Welsh","(N/A)","C","","1729","FA","","0","0","0","0","0","0","0","0","0","0","0","0.0","0"
"*0621o*","Blake Wesley","(N/A)","PG,SG,G","","1730","FA","","0","0","0","0","0","0","0","0","0","0","0","0.0","0"
"*03zl1*","Byron Wesley","(N/A)","SG,G","","1731","FA","","0","0","0","0","0","0","0","0","0","0","0","0.0","0"
"*05qzn*","Kaleb Wesson","(N/A)","PF,F,C","","1732","FA","","0","0","0","0","0","0","0","0","0","0","0","0.0","0"
"*005kc*","Russell Westbrook","(N/A)","PG,SG,G","","1733","FA","","0","0","0","0","0","0","0","0","0","0","0","0.0","0"
"*064s7*","Isaiah Whaley","(N/A)","SF,PF,F","","1734","FA","","0","0","0","0","0","0","0","0","0","0","0","0.0","0"
"*06rur*","Phillip Wheeler","(N/A)","SF,PF,F","","1735","FA","","0","0","0","0","0","0","0","0","0","0","0","0.0","0"
"*04l1t*","Andrew White","(N/A)","SF,F","","1736","FA","","0","0","0","0","0","0","0","0","0","0","0","0.0","0"
"*06305*","Fabian White","(N/A)","SF,PF,F","","1737","FA","","0","0","0","0","0","0","0","0","0","0","0","0.0","0"
"*062sr*","Jack White","(N/A)","SF,F","","1738","FA","","0","0","0","0","0","0","0","0","0","0","0","0.0","0"
"*043vx*","Okaro White","(N/A)","SF,PF,F","","1739","FA","","0","0","0","0","0","0","0","0","0","0","0","0.0","0"
"*042o1*","Isaiah Whitehead","(N/A)","PG,SG,G","","1740","FA","","0","0","0","0","0","0","0","0","0","0","0","0.0","0"
"*06ca7*","Cam Whitmore","(N/A)","SF,PF,F","","1741","FA","","0","0","0","0","0","0","0","0","0","0","0","0.0","0"
"*05qyt*","Kahlil Whitney","(N/A)","SF,F","","1742","FA","","0","0","0","0","0","0","0","0","0","0","0","0.0","0"
"*06mo5*","Jimmy Whitt","(N/A)","PG,G","","1743","FA","","0","0","0","0","0","0","0","0","0","0","0","0.0","0"
"*05qvy*","Greg Whittington","(N/A)","SF,PF,F","","1744","FA","","0","0","0","0","0","0","0","0","0","0","0","0.0","0"
"*05ujf*","Joe Wieskamp","(N/A)","SF,F","","1745","FA","","0","0","0","0","0","0","0","0","0","0","0","0.0","0"
"*0590m*","Lindell Wigginton","(N/A)","PG,G","","1746","FA","","0","0","0","0","0","0","0","0","0","0","0","0.0","0"
"*03sir*","Scottie Wilbekin","(N/A)","PG,G","","1747","FA","","0","0","0","0","0","0","0","0","0","0","0","0.0","0"
"*04iy9*","Jacob Wiley","(N/A)","PG,G","","1748","FA","","0","0","0","0","0","0","0","0","0","0","0","0.0","0"
"*03z95*","Alan Williams","(N/A)","PF,F,C","","1749","FA","","0","0","0","0","0","0","0","0","0","0","0","0.0","0"
"*07242*","Brice Williams","(N/A)","SG,G,SF,PF,F","","1750","FA","","0","0","0","0","0","0","0","0","0","0","0","0.0","0"
"*0666j*","Bryson Williams","(N/A)","SF,PF,F","","1751","FA","","0","0","0","0","0","0","0","0","0","0","0","0.0","0"
"*06668*","Donovan Williams","(N/A)","SG,G","","1752","FA","","0","0","0","0","0","0","0","0","0","0","0","0.0","0"
"*06ps6*","Jaylin Williams","(N/A)","SF,PF,F","","1753","FA","","0","0","0","0","0","0","0","0","0","0","0","0.0","0"
"*04xgk*","Johnathan Williams","(N/A)","PF,F","","1754","FA","","0","0","0","0","0","0","0","0","0","0","0","0.0","0"
"*06hqr*","KJ Williams","(N/A)","PF,F","","1755","FA","","0","0","0","0","0","0","0","0","0","0","0","0.0","0"
"*06l10*","Malik Williams","(N/A)","C","","1756","FA","","0","0","0","0","0","0","0","0","0","0","0","0.0","0"
"*0664y*","Nate Williams","GS","SG,G","","1757","FA","","0","0","0","0","0","0","0","0","0","0","0","0.0","0"
"*04jw3*","T.J. Williams","(N/A)","SG,G","","1758","FA","","0","0","0","0","0","0","0","0","0","0","0","0.0","0"
"*065px*","Trevion Williams","(N/A)","SF,PF,F,C","","1759","FA","","0","0","0","0","0","0","0","0","0","0","0","0.0","0"
"*045qi*","Troy Williams","(N/A)","SG,G,SF,F","","1760","FA","","0","0","0","0","0","0","0","0","0","0","0","0.0","0"
"*0622a*","Vince Williams","(N/A)","PG,SG,G,SF,F","","1761","FA","","0","0","0","0","0","0","0","0","0","0","0","0.0","0"
"*04exi*","Nigel Williams-Goss","(N/A)","PG,G","","1762","FA","","0","0","0","0","0","0","0","0","0","0","0","0.0","0"
"*06hre*","Bryce Wills","(N/A)","SG,G","","1763","FA","","0","0","0","0","0","0","0","0","0","0","0","0.0","0"
"*04ewi*","D.J. Wilson","(N/A)","PF,F","","1764","FA","","0","0","0","0","0","0","0","0","0","0","0","0.0","0"
"*048yh*","Kyle Wiltjer","(N/A)","PF,F","","1765","FA","","0","0","0","0","0","0","0","0","0","0","0","0.0","0"
"*051p6*","Dylan Windler","(N/A)","SF,F","","1766","FA","","0","0","0","0","0","0","0","0","0","0","0","0.0","0"
"*03nwi*","Justise Winslow","(N/A)","SF,F","","1767","FA","","0","0","0","0","0","0","0","0","0","0","0","0.0","0"
"*05qua*","Cassius Winston","(N/A)","PG,G","","1768","FA","","0","0","0","0","0","0","0","0","0","0","0","0.0","0"
"*059qd*","Todd Withers","(N/A)","PF,F","","1769","FA","","0","0","0","0","0","0","0","0","0","0","0","0.0","0"
"*06cd5*","Isaiah Wong","(N/A)","SG,G","","1770","FA","","0","0","0","0","0","0","0","0","0","0","0","0.0","0"
"*03nwq*","Christian Wood","(N/A)","PF,F","","1771","FA","","0","0","0","0","0","0","0","0","0","0","0","0.0","0"
"*06ptn*","Moses Wood","(N/A)","SF,PF,F","","1772","FA","","0","0","0","0","0","0","0","0","0","0","0","0.0","0"
"*05qtw*","Robert Woodard","(N/A)","SG,G,SF,F","","1773","FA","","0","0","0","0","0","0","0","0","0","0","0","0.0","0"
"*06moq*","Trey Woodbury","(N/A)","PG,SG,G","","1774","FA","","0","0","0","0","0","0","0","0","0","0","0","0.0","0"
"*059cn*","Kenny Wooten","(N/A)","PF,F","","1775","FA","","0","0","0","0","0","0","0","0","0","0","0","0.0","0"
"*03r7h*","Delon Wright","(N/A)","PG,SG,G","","1776","FA","","0","0","0","0","0","0","0","0","0","0","0","0.0","0"
"*05uuw*","McKinley Wright","(N/A)","PG,G","","1777","FA","","0","0","0","0","0","0","0","0","0","0","0","0.0","0"
"*05wqi*","Moses Wright","(N/A)","PF,F","","1778","FA","","0","0","0","0","0","0","0","0","0","0","0","0.0","0"
"*051px*","Justin Wright-Foreman","(N/A)","PG,G","","1779","FA","","0","0","0","0","0","0","0","0","0","0","0","0.0","0"
"*02nfp*","Tony Wroten","(N/A)","PG,SG,G","","1780","FA","","0","0","0","0","0","0","0","0","0","0","0","0.0","0"
"*03xmt*","Guerschon Yabusele","(N/A)","PF,F,C","","1781","FA","","0","0","0","0","0","0","0","0","0","0","0","0.0","0"
"*04xk6*","Ding Yanyuhang","(N/A)","SF,F","","1782","FA","","0","0","0","0","0","0","0","0","0","0","0","0.0","0"
"*04w4j*","Gabe York","(N/A)","SG,G","","1783","FA","","0","0","0","0","0","0","0","0","0","0","0","0.0","0"
"*06ps5*","Jahmir Young","MIA","PG,G","","1784","FA","","0","0","0","0","0","0","0","0","0","0","0","0.0","0"
"*03aq0*","James Young","(N/A)","SG,G","","1785","FA","","0","0","0","0","0","0","0","0","0","0","0","0.0","0"
"*03r7x*","Joe Young","(N/A)","PG,SG,G","","1786","FA","","0","0","0","0","0","0","0","0","0","0","0","0.0","0"
"*03g45*","Patric Young","(N/A)","PF,F","","1787","FA","","0","0","0","0","0","0","0","0","0","0","0","0.0","0"
"*05qu8*","Omer Yurtseven","(N/A)","C","","1788","FA","","0","0","0","0","0","0","0","0","0","0","0","0.0","0"
"*042nv*","Rade Zagorac","(N/A)","SF,F","","1789","FA","","0","0","0","0","0","0","0","0","0","0","0","0.0","0"
"*05ujn*","Marcus Zegarowski","(N/A)","PG,SG,G","","1790","FA","","0","0","0","0","0","0","0","0","0","0","0","0.0","0"
"*04817*","Nick Zeisloft","(N/A)","PG,G","","1791","FA","","0","0","0","0","0","0","0","0","0","0","0","0.0","0"
"*031lr*","Cody Zeller","(N/A)","C","","1792","FA","","0","0","0","0","0","0","0","0","0","0","0","0.0","0"
"*070te*","Fanbo Zeng","(N/A)","SF,PF,F","","1793","FA","","0","0","0","0","0","0","0","0","0","0","0","0.0","0"
"*042og*","Wang Zhelin","(N/A)","C","","1794","FA","","0","0","0","0","0","0","0","0","0","0","0","0.0","0"
"*042o0*","Stephen Zimmerman Jr.","(N/A)","PF,F,C","","1795","FA","","0","0","0","0","0","0","0","0","0","0","0","0.0","0"
"*042o7*","Paul Zipser","(N/A)","SF,PF,F","","1796","FA","","0","0","0","0","0","0","0","0","0","0","0","0.0","0"
"*042ni*","Ante Zizic","(N/A)","C","","1797","FA","","0","0","0","0","0","0","0","0","0","0","0","0.0","0"
